fixture,trial,step,stage,milliseconds
ascii,0,0,construct,0.004
ascii,0,0,read,0.0076
ascii,0,1,read,0.0043
ascii,0,2,read,0.0045
ascii,0,3,read,0.0039
ascii,0,4,read,0.0043
ascii,0,5,read,0.004
ascii,0,6,read,0.0045
ascii,0,7,read,0.0031
ascii,0,8,projection,7.44
ascii,0,9,publish,0.0001
ascii,1,0,construct,0.0029
ascii,1,0,read,0.0129
ascii,1,1,read,0.0065
ascii,1,2,read,0.0064
ascii,1,3,read,0.0073
ascii,1,4,read,0.005
ascii,1,5,read,0.0039
ascii,1,6,read,0.0041
ascii,1,7,read,0.0032
ascii,1,8,projection,5.2557
ascii,1,9,publish,0.0001
ascii,2,0,construct,0.0026
ascii,2,0,read,0.0054
ascii,2,1,read,0.0029
ascii,2,2,read,0.0028
ascii,2,3,read,0.0027
ascii,2,4,read,0.0028
ascii,2,5,read,0.0027
ascii,2,6,read,0.0027
ascii,2,7,read,0.0019
ascii,2,8,projection,5.6162
ascii,2,9,publish,0.0001
ascii,3,0,construct,0.0029
ascii,3,0,read,0.0066
ascii,3,1,read,0.004
ascii,3,2,read,0.0037
ascii,3,3,read,0.0039
ascii,3,4,read,0.0039
ascii,3,5,read,0.0041
ascii,3,6,read,0.0039
ascii,3,7,read,0.0027
ascii,3,8,projection,5.4565
ascii,3,9,publish,0.0001
ascii,4,0,construct,0.0042
ascii,4,0,read,0.0073
ascii,4,1,read,0.0038
ascii,4,2,read,0.0033
ascii,4,3,read,0.0034
ascii,4,4,read,0.0033
ascii,4,5,read,0.0034
ascii,4,6,read,0.0033
ascii,4,7,read,0.0023
ascii,4,8,projection,5.1644
ascii,4,9,publish,0.0004
ascii,5,0,construct,0.0033
ascii,5,0,read,0.0068
ascii,5,1,read,0.0036
ascii,5,2,read,0.0038
ascii,5,3,read,0.0036
ascii,5,4,read,0.0034
ascii,5,5,read,0.0034
ascii,5,6,read,0.0037
ascii,5,7,read,0.0025
ascii,5,8,projection,5.2176
ascii,5,9,publish,0.0002
ascii,6,0,construct,0.0039
ascii,6,0,read,0.008
ascii,6,1,read,0.0041
ascii,6,2,read,0.004
ascii,6,3,read,0.0032
ascii,6,4,read,0.0032
ascii,6,5,read,0.0027
ascii,6,6,read,0.0034
ascii,6,7,read,0.0019
ascii,6,8,projection,5.4278
ascii,6,9,publish,0.0001
ascii,7,0,construct,0.0031
ascii,7,0,read,0.0069
ascii,7,1,read,0.0037
ascii,7,2,read,0.0038
ascii,7,3,read,0.0037
ascii,7,4,read,0.004
ascii,7,5,read,0.0073
ascii,7,6,read,0.0043
ascii,7,7,read,0.0032
ascii,7,8,projection,7.5166
ascii,7,9,publish,0.0001
ascii,8,0,construct,0.0034
ascii,8,0,read,0.0081
ascii,8,1,read,0.0045
ascii,8,2,read,0.0044
ascii,8,3,read,0.0042
ascii,8,4,read,0.0043
ascii,8,5,read,0.0042
ascii,8,6,read,0.0041
ascii,8,7,read,0.0027
ascii,8,8,projection,5.5279
ascii,8,9,publish,0.0001
ascii,9,0,construct,0.0066
ascii,9,0,read,0.0146
ascii,9,1,read,0.0076
ascii,9,2,read,0.0076
ascii,9,3,read,0.0047
ascii,9,4,read,0.0048
ascii,9,5,read,0.0038
ascii,9,6,read,0.0038
ascii,9,7,read,0.0031
ascii,9,8,projection,5.2492
ascii,9,9,publish,0.0001
ascii,10,0,construct,0.0177
ascii,10,0,read,0.0077
ascii,10,1,read,0.004
ascii,10,2,read,0.0035
ascii,10,3,read,0.0038
ascii,10,4,read,0.0035
ascii,10,5,read,0.0034
ascii,10,6,read,0.0033
ascii,10,7,read,0.0025
ascii,10,8,projection,5.092
ascii,10,9,publish,0.0001
ascii,11,0,construct,0.0089
ascii,11,0,read,0.0117
ascii,11,1,read,0.0043
ascii,11,2,read,0.0044
ascii,11,3,read,0.0043
ascii,11,4,read,0.0042
ascii,11,5,read,0.0043
ascii,11,6,read,0.0044
ascii,11,7,read,0.003
ascii,11,8,projection,4.9561
ascii,11,9,publish,0.0002
ascii,12,0,construct,0.0047
ascii,12,0,read,0.0107
ascii,12,1,read,0.0076
ascii,12,2,read,0.0037
ascii,12,3,read,0.0038
ascii,12,4,read,0.0038
ascii,12,5,read,0.0038
ascii,12,6,read,0.0037
ascii,12,7,read,0.0028
ascii,12,8,projection,4.9788
ascii,12,9,publish,0
ascii,13,0,construct,0.0083
ascii,13,0,read,0.0078
ascii,13,1,read,0.0038
ascii,13,2,read,0.0033
ascii,13,3,read,0.0036
ascii,13,4,read,0.0036
ascii,13,5,read,0.0034
ascii,13,6,read,0.0034
ascii,13,7,read,0.0028
ascii,13,8,projection,5.1268
ascii,13,9,publish,0
ascii,14,0,construct,0.0059
ascii,14,0,read,0.0119
ascii,14,1,read,0.0065
ascii,14,2,read,0.0053
ascii,14,3,read,0.0043
ascii,14,4,read,0.0043
ascii,14,5,read,0.0042
ascii,14,6,read,0.0042
ascii,14,7,read,0.0027
ascii,14,8,projection,5.0351
ascii,14,9,publish,0.0001
ascii,15,0,construct,0.0086
ascii,15,0,read,0.0095
ascii,15,1,read,0.0038
ascii,15,2,read,0.0036
ascii,15,3,read,0.0035
ascii,15,4,read,0.0036
ascii,15,5,read,0.0034
ascii,15,6,read,0.0038
ascii,15,7,read,0.003
ascii,15,8,projection,4.9761
ascii,15,9,publish,0
ascii,16,0,construct,0.0066
ascii,16,0,read,0.0069
ascii,16,1,read,0.0036
ascii,16,2,read,0.0034
ascii,16,3,read,0.0033
ascii,16,4,read,0.0037
ascii,16,5,read,0.0038
ascii,16,6,read,0.0035
ascii,16,7,read,0.0022
ascii,16,8,projection,4.922
ascii,16,9,publish,0
ascii,17,0,construct,0.008
ascii,17,0,read,0.0118
ascii,17,1,read,0.0044
ascii,17,2,read,0.0039
ascii,17,3,read,0.0041
ascii,17,4,read,0.0041
ascii,17,5,read,0.0041
ascii,17,6,read,0.004
ascii,17,7,read,0.003
ascii,17,8,projection,5.1618
ascii,17,9,publish,0.0001
ascii,18,0,construct,0.0066
ascii,18,0,read,0.0093
ascii,18,1,read,0.0057
ascii,18,2,read,0.0035
ascii,18,3,read,0.0035
ascii,18,4,read,0.0036
ascii,18,5,read,0.0037
ascii,18,6,read,0.0036
ascii,18,7,read,0.0024
ascii,18,8,projection,5.1604
ascii,18,9,publish,0.0001
ascii,19,0,construct,0.0093
ascii,19,0,read,0.0083
ascii,19,1,read,0.0039
ascii,19,2,read,0.0037
ascii,19,3,read,0.0036
ascii,19,4,read,0.0038
ascii,19,5,read,0.0051
ascii,19,6,read,0.0049
ascii,19,7,read,0.0028
ascii,19,8,projection,5.0141
ascii,19,9,publish,0
ascii,20,0,construct,0.0093
ascii,20,0,read,0.0119
ascii,20,1,read,0.0041
ascii,20,2,read,0.0039
ascii,20,3,read,0.0045
ascii,20,4,read,0.0041
ascii,20,5,read,0.0036
ascii,20,6,read,0.0038
ascii,20,7,read,0.0027
ascii,20,8,projection,5.1043
ascii,20,9,publish,0.0001
ascii,21,0,construct,0.0093
ascii,21,0,read,0.0109
ascii,21,1,read,0.0136
ascii,21,2,read,0.0036
ascii,21,3,read,0.0037
ascii,21,4,read,0.0038
ascii,21,5,read,0.0036
ascii,21,6,read,0.0032
ascii,21,7,read,0.0025
ascii,21,8,projection,5.3706
ascii,21,9,publish,0.0002
ascii,22,0,construct,0.0039
ascii,22,0,read,0.0082
ascii,22,1,read,0.0046
ascii,22,2,read,0.0042
ascii,22,3,read,0.0043
ascii,22,4,read,0.0043
ascii,22,5,read,0.0044
ascii,22,6,read,0.0044
ascii,22,7,read,0.0029
ascii,22,8,projection,5.3564
ascii,22,9,publish,0.0001
ascii,23,0,construct,0.0038
ascii,23,0,read,0.0086
ascii,23,1,read,0.0045
ascii,23,2,read,0.0043
ascii,23,3,read,0.0036
ascii,23,4,read,0.0034
ascii,23,5,read,0.0036
ascii,23,6,read,0.0036
ascii,23,7,read,0.0026
ascii,23,8,projection,5.4195
ascii,23,9,publish,0.0001
ascii,24,0,construct,0.0084
ascii,24,0,read,0.0068
ascii,24,1,read,0.0038
ascii,24,2,read,0.0035
ascii,24,3,read,0.004
ascii,24,4,read,0.0034
ascii,24,5,read,0.0036
ascii,24,6,read,0.0035
ascii,24,7,read,0.0026
ascii,24,8,projection,5.262
ascii,24,9,publish,0.0001
ascii,25,0,construct,0.0087
ascii,25,0,read,0.0089
ascii,25,1,read,0.0045
ascii,25,2,read,0.0044
ascii,25,3,read,0.0043
ascii,25,4,read,0.0043
ascii,25,5,read,0.0043
ascii,25,6,read,0.0043
ascii,25,7,read,0.0031
ascii,25,8,projection,5.0115
ascii,25,9,publish,0.0001
ascii,26,0,construct,0.0082
ascii,26,0,read,0.007
ascii,26,1,read,0.0038
ascii,26,2,read,0.0038
ascii,26,3,read,0.0037
ascii,26,4,read,0.0035
ascii,26,5,read,0.0036
ascii,26,6,read,0.0034
ascii,26,7,read,0.0026
ascii,26,8,projection,5.1315
ascii,26,9,publish,0.0001
ascii,27,0,construct,0.0089
ascii,27,0,read,0.0111
ascii,27,1,read,0.004
ascii,27,2,read,0.0036
ascii,27,3,read,0.0035
ascii,27,4,read,0.0035
ascii,27,5,read,0.0035
ascii,27,6,read,0.0037
ascii,27,7,read,0.0025
ascii,27,8,projection,5.0205
ascii,27,9,publish,0.0001
ascii,28,0,construct,0.0045
ascii,28,0,read,0.0145
ascii,28,1,read,0.008
ascii,28,2,read,0.0072
ascii,28,3,read,0.0044
ascii,28,4,read,0.0046
ascii,28,5,read,0.0041
ascii,28,6,read,0.0046
ascii,28,7,read,0.0032
ascii,28,8,projection,5.0082
ascii,28,9,publish,0
ascii,29,0,construct,0.0061
ascii,29,0,read,0.0107
ascii,29,1,read,0.0039
ascii,29,2,read,0.0041
ascii,29,3,read,0.0035
ascii,29,4,read,0.0037
ascii,29,5,read,0.0037
ascii,29,6,read,0.0037
ascii,29,7,read,0.0027
ascii,29,8,projection,5.1423
ascii,29,9,publish,0
controls,0,0,construct,0.0009
controls,0,0,read,0.1361
controls,0,1,read,0.0097
controls,0,2,read,0.0018
controls,0,3,read,0.0017
controls,0,4,read,0.0016
controls,0,5,read,0.0014
controls,0,6,read,0.0015
controls,0,7,read,0.0013
controls,0,8,projection,8.9784
controls,0,9,publish,0.0004
controls,1,0,construct,0.0009
controls,1,0,read,0.1493
controls,1,1,read,0.0071
controls,1,2,read,0.0017
controls,1,3,read,0.0017
controls,1,4,read,0.0017
controls,1,5,read,0.0017
controls,1,6,read,0.0017
controls,1,7,read,0.0018
controls,1,8,projection,8.9507
controls,1,9,publish,0.0001
controls,2,0,construct,0.0022
controls,2,0,read,0.1081
controls,2,1,read,0.006
controls,2,2,read,0.0012
controls,2,3,read,0.0013
controls,2,4,read,0.0011
controls,2,5,read,0.0012
controls,2,6,read,0.0014
controls,2,7,read,0.0012
controls,2,8,projection,8.0397
controls,2,9,publish,0.0002
controls,3,0,construct,0.0005
controls,3,0,read,0.069
controls,3,1,read,0.0053
controls,3,2,read,0.0011
controls,3,3,read,0.0011
controls,3,4,read,0.001
controls,3,5,read,0.0009
controls,3,6,read,0.0011
controls,3,7,read,0.001
controls,3,8,projection,10.6462
controls,3,9,publish,0.0004
controls,4,0,construct,0.0007
controls,4,0,read,0.0806
controls,4,1,read,0.0076
controls,4,2,read,0.0021
controls,4,3,read,0.002
controls,4,4,read,0.0016
controls,4,5,read,0.0022
controls,4,6,read,0.0015
controls,4,7,read,0.0019
controls,4,8,projection,8.0442
controls,4,9,publish,0.0003
controls,5,0,construct,0.0007
controls,5,0,read,0.095
controls,5,1,read,0.0073
controls,5,2,read,0.0013
controls,5,3,read,0.0011
controls,5,4,read,0.001
controls,5,5,read,0.001
controls,5,6,read,0.0013
controls,5,7,read,0.0013
controls,5,8,projection,8.1424
controls,5,9,publish,0.0001
controls,6,0,construct,0.0007
controls,6,0,read,0.0872
controls,6,1,read,0.0059
controls,6,2,read,0.001
controls,6,3,read,0.0011
controls,6,4,read,0.0008
controls,6,5,read,0.0011
controls,6,6,read,0.001
controls,6,7,read,0.0008
controls,6,8,projection,8.1069
controls,6,9,publish,0.0002
controls,7,0,construct,0.0007
controls,7,0,read,0.1068
controls,7,1,read,0.0058
controls,7,2,read,0.001
controls,7,3,read,0.0011
controls,7,4,read,0.001
controls,7,5,read,0.001
controls,7,6,read,0.0009
controls,7,7,read,0.0009
controls,7,8,projection,7.6383
controls,7,9,publish,0.0001
controls,8,0,construct,0.0018
controls,8,0,read,0.1088
controls,8,1,read,0.0067
controls,8,2,read,0.0012
controls,8,3,read,0.0016
controls,8,4,read,0.0009
controls,8,5,read,0.0014
controls,8,6,read,0.0012
controls,8,7,read,0.0011
controls,8,8,projection,8.0157
controls,8,9,publish,0.0001
controls,9,0,construct,0.0005
controls,9,0,read,0.0067
controls,9,1,read,0.0011
controls,9,2,read,0.0013
controls,9,3,read,0.0008
controls,9,4,read,0.0012
controls,9,5,read,0.0012
controls,9,6,read,0.0009
controls,9,7,read,0.0009
controls,9,8,projection,6.8018
controls,9,9,publish,0.0001
controls,10,0,construct,0.0006
controls,10,0,read,0.0839
controls,10,1,read,0.0047
controls,10,2,read,0.0009
controls,10,3,read,0.0013
controls,10,4,read,0.0011
controls,10,5,read,0.0011
controls,10,6,read,0.0009
controls,10,7,read,0.0008
controls,10,8,projection,5.6214
controls,10,9,publish,0
controls,11,0,construct,0.0099
controls,11,0,read,0.0089
controls,11,1,read,0.004
controls,11,2,read,0.004
controls,11,3,read,0.0037
controls,11,4,read,0.004
controls,11,5,read,0.004
controls,11,6,read,0.004
controls,11,7,read,0.0037
controls,11,8,projection,5.5639
controls,11,9,publish,0.0001
controls,12,0,construct,0.0006
controls,12,0,read,0.0743
controls,12,1,read,0.0044
controls,12,2,read,0.0014
controls,12,3,read,0.0011
controls,12,4,read,0.0012
controls,12,5,read,0.0011
controls,12,6,read,0.0013
controls,12,7,read,0.0014
controls,12,8,projection,6.9373
controls,12,9,publish,0.0001
controls,13,0,construct,0.0103
controls,13,0,read,0.0095
controls,13,1,read,0.0038
controls,13,2,read,0.0038
controls,13,3,read,0.0043
controls,13,4,read,0.0044
controls,13,5,read,0.0041
controls,13,6,read,0.004
controls,13,7,read,0.0029
controls,13,8,projection,5.9191
controls,13,9,publish,0.0002
controls,14,0,construct,0.0005
controls,14,0,read,0.0499
controls,14,1,read,0.0037
controls,14,2,read,0.001
controls,14,3,read,0.0009
controls,14,4,read,0.0008
controls,14,5,read,0.0007
controls,14,6,read,0.0009
controls,14,7,read,0.0008
controls,14,8,projection,6.0239
controls,14,9,publish,0.0001
controls,15,0,construct,0.0049
controls,15,0,read,0.0088
controls,15,1,read,0.0043
controls,15,2,read,0.0036
controls,15,3,read,0.004
controls,15,4,read,0.004
controls,15,5,read,0.0041
controls,15,6,read,0.0038
controls,15,7,read,0.0028
controls,15,8,projection,6.3516
controls,15,9,publish,0.0002
controls,16,0,construct,0.0005
controls,16,0,read,0.1145
controls,16,1,read,0.005
controls,16,2,read,0.0011
controls,16,3,read,0.0014
controls,16,4,read,0.0015
controls,16,5,read,0.0011
controls,16,6,read,0.0011
controls,16,7,read,0.0012
controls,16,8,projection,5.7045
controls,16,9,publish,0
controls,17,0,construct,0.0077
controls,17,0,read,0.0089
controls,17,1,read,0.004
controls,17,2,read,0.0039
controls,17,3,read,0.0038
controls,17,4,read,0.004
controls,17,5,read,0.0039
controls,17,6,read,0.0039
controls,17,7,read,0.0026
controls,17,8,projection,6.2246
controls,17,9,publish,0.0001
controls,18,0,construct,0.0005
controls,18,0,read,0.0815
controls,18,1,read,0.0044
controls,18,2,read,0.0014
controls,18,3,read,0.0013
controls,18,4,read,0.0012
controls,18,5,read,0.0014
controls,18,6,read,0.0014
controls,18,7,read,0.0012
controls,18,8,projection,6.1327
controls,18,9,publish,0.0001
controls,19,0,construct,0.0117
controls,19,0,read,0.0097
controls,19,1,read,0.0045
controls,19,2,read,0.0037
controls,19,3,read,0.0044
controls,19,4,read,0.0039
controls,19,5,read,0.0042
controls,19,6,read,0.004
controls,19,7,read,0.003
controls,19,8,projection,5.5286
controls,19,9,publish,0.0001
controls,20,0,construct,0.0007
controls,20,0,read,0.0599
controls,20,1,read,0.0042
controls,20,2,read,0.0009
controls,20,3,read,0.0009
controls,20,4,read,0.0012
controls,20,5,read,0.001
controls,20,6,read,0.001
controls,20,7,read,0.0008
controls,20,8,projection,5.6998
controls,20,9,publish,0.0002
controls,21,0,construct,0.0071
controls,21,0,read,0.0093
controls,21,1,read,0.0037
controls,21,2,read,0.0043
controls,21,3,read,0.0036
controls,21,4,read,0.0038
controls,21,5,read,0.004
controls,21,6,read,0.0037
controls,21,7,read,0.0053
controls,21,8,projection,5.731
controls,21,9,publish,0
controls,22,0,construct,0.0007
controls,22,0,read,0.0807
controls,22,1,read,0.0046
controls,22,2,read,0.0011
controls,22,3,read,0.001
controls,22,4,read,0.0011
controls,22,5,read,0.001
controls,22,6,read,0.0009
controls,22,7,read,0.0009
controls,22,8,projection,5.5173
controls,22,9,publish,0.0001
controls,23,0,construct,0.0082
controls,23,0,read,0.0119
controls,23,1,read,0.0047
controls,23,2,read,0.0044
controls,23,3,read,0.0037
controls,23,4,read,0.0044
controls,23,5,read,0.0042
controls,23,6,read,0.0042
controls,23,7,read,0.0028
controls,23,8,projection,5.9738
controls,23,9,publish,0.0001
controls,24,0,construct,0.0008
controls,24,0,read,0.0704
controls,24,1,read,0.0066
controls,24,2,read,0.0008
controls,24,3,read,0.0012
controls,24,4,read,0.0011
controls,24,5,read,0.0009
controls,24,6,read,0.0011
controls,24,7,read,0.0012
controls,24,8,projection,5.4794
controls,24,9,publish,0.0001
controls,25,0,construct,0.0043
controls,25,0,read,0.0092
controls,25,1,read,0.004
controls,25,2,read,0.0043
controls,25,3,read,0.0043
controls,25,4,read,0.004
controls,25,5,read,0.0041
controls,25,6,read,0.0046
controls,25,7,read,0.0026
controls,25,8,projection,6.1155
controls,25,9,publish,0.0001
controls,26,0,construct,0.0006
controls,26,0,read,0.0666
controls,26,1,read,0.0047
controls,26,2,read,0.0014
controls,26,3,read,0.0011
controls,26,4,read,0.0018
controls,26,5,read,0.0016
controls,26,6,read,0.0015
controls,26,7,read,0.0012
controls,26,8,projection,7.3765
controls,26,9,publish,0.0001
controls,27,0,construct,0.0096
controls,27,0,read,0.014
controls,27,1,read,0.0064
controls,27,2,read,0.004
controls,27,3,read,0.0058
controls,27,4,read,0.0064
controls,27,5,read,0.0039
controls,27,6,read,0.0038
controls,27,7,read,0.0028
controls,27,8,projection,5.8864
controls,27,9,publish,0.0001
controls,28,0,construct,0.0013
controls,28,0,read,0.083
controls,28,1,read,0.0052
controls,28,2,read,0.0012
controls,28,3,read,0.001
controls,28,4,read,0.0013
controls,28,5,read,0.0011
controls,28,6,read,0.0012
controls,28,7,read,0.001
controls,28,8,projection,5.7855
controls,28,9,publish,0.0002
controls,29,0,construct,0.0033
controls,29,0,read,0.0083
controls,29,1,read,0.003
controls,29,2,read,0.0026
controls,29,3,read,0.0028
controls,29,4,read,0.0027
controls,29,5,read,0.0027
controls,29,6,read,0.0025
controls,29,7,read,0.0018
controls,29,8,projection,5.3204
controls,29,9,publish,0
illegal,0,0,construct,0.001
illegal,0,0,read,0.0369
illegal,0,1,read,0.0066
illegal,0,2,read,0.0011
illegal,0,3,read,0.001
illegal,0,4,read,0.0011
illegal,0,5,read,0.0008
illegal,0,6,read,0.0009
illegal,0,7,read,0.0009
illegal,0,8,projection,5.8471
illegal,0,9,publish,0.0001
illegal,1,0,construct,0.0007
illegal,1,0,read,0.0553
illegal,1,1,read,0.0094
illegal,1,2,read,0.0011
illegal,1,3,read,0.0012
illegal,1,4,read,0.0009
illegal,1,5,read,0.0012
illegal,1,6,read,0.0009
illegal,1,7,read,0.0012
illegal,1,8,projection,6.2231
illegal,1,9,publish,0.0001
illegal,2,0,construct,0.004
illegal,2,0,read,0.079
illegal,2,1,read,0.0083
illegal,2,2,read,0.0041
illegal,2,3,read,0.0039
illegal,2,4,read,0.004
illegal,2,5,read,0.0036
illegal,2,6,read,0.004
illegal,2,7,read,0.0032
illegal,2,8,projection,6.2377
illegal,2,9,publish,0.0001
illegal,3,0,construct,0.0092
illegal,3,0,read,0.0765
illegal,3,1,read,0.0088
illegal,3,2,read,0.0048
illegal,3,3,read,0.0046
illegal,3,4,read,0.0043
illegal,3,5,read,0.0041
illegal,3,6,read,0.0142
illegal,3,7,read,0.0024
illegal,3,8,projection,5.769
illegal,3,9,publish,0.0002
illegal,4,0,construct,0.0066
illegal,4,0,read,0.0639
illegal,4,1,read,0.0206
illegal,4,2,read,0.0041
illegal,4,3,read,0.0041
illegal,4,4,read,0.0043
illegal,4,5,read,0.004
illegal,4,6,read,0.0041
illegal,4,7,read,0.0032
illegal,4,8,projection,5.8966
illegal,4,9,publish,0
illegal,5,0,construct,0.0012
illegal,5,0,read,0.0722
illegal,5,1,read,0.0068
illegal,5,2,read,0.0014
illegal,5,3,read,0.0015
illegal,5,4,read,0.0013
illegal,5,5,read,0.0015
illegal,5,6,read,0.0014
illegal,5,7,read,0.0012
illegal,5,8,projection,5.8989
illegal,5,9,publish,0.0001
illegal,6,0,construct,0.001
illegal,6,0,read,0.0585
illegal,6,1,read,0.0057
illegal,6,2,read,0.0014
illegal,6,3,read,0.0012
illegal,6,4,read,0.001
illegal,6,5,read,0.0014
illegal,6,6,read,0.0012
illegal,6,7,read,0.0008
illegal,6,8,projection,6.1129
illegal,6,9,publish,0.0001
illegal,7,0,construct,0.0017
illegal,7,0,read,0.0518
illegal,7,1,read,0.0063
illegal,7,2,read,0.0014
illegal,7,3,read,0.0014
illegal,7,4,read,0.0011
illegal,7,5,read,0.0013
illegal,7,6,read,0.0015
illegal,7,7,read,0.0014
illegal,7,8,projection,5.9399
illegal,7,9,publish,0.0001
illegal,8,0,construct,0.0093
illegal,8,0,read,0.0432
illegal,8,1,read,0.008
illegal,8,2,read,0.0037
illegal,8,3,read,0.0037
illegal,8,4,read,0.0039
illegal,8,5,read,0.0038
illegal,8,6,read,0.0037
illegal,8,7,read,0.0026
illegal,8,8,projection,8.5924
illegal,8,9,publish,0.0002
illegal,9,0,construct,0.0007
illegal,9,0,read,0.0391
illegal,9,1,read,0.0061
illegal,9,2,read,0.0018
illegal,9,3,read,0.0015
illegal,9,4,read,0.0014
illegal,9,5,read,0.0014
illegal,9,6,read,0.0012
illegal,9,7,read,0.0015
illegal,9,8,projection,7.6109
illegal,9,9,publish,0.0002
illegal,10,0,construct,0.0021
illegal,10,0,read,0.0401
illegal,10,1,read,0.0068
illegal,10,2,read,0.004
illegal,10,3,read,0.0036
illegal,10,4,read,0.0033
illegal,10,5,read,0.0035
illegal,10,6,read,0.0036
illegal,10,7,read,0.0028
illegal,10,8,projection,8.7962
illegal,10,9,publish,0.0001
illegal,11,0,construct,0.0006
illegal,11,0,read,0.0507
illegal,11,1,read,0.0065
illegal,11,2,read,0.0011
illegal,11,3,read,0.001
illegal,11,4,read,0.0011
illegal,11,5,read,0.0009
illegal,11,6,read,0.0009
illegal,11,7,read,0.0009
illegal,11,8,projection,5.5359
illegal,11,9,publish,0.0002
illegal,12,0,construct,0.0014
illegal,12,0,read,0.0814
illegal,12,1,read,0.0037
illegal,12,2,read,0.0009
illegal,12,3,read,0.0005
illegal,12,4,read,0.0005
illegal,12,5,read,0.0005
illegal,12,6,read,0.0006
illegal,12,7,read,0.0005
illegal,12,8,projection,5.403
illegal,12,9,publish,0
illegal,13,0,construct,0.0017
illegal,13,0,read,0.0377
illegal,13,1,read,0.008
illegal,13,2,read,0.0035
illegal,13,3,read,0.0034
illegal,13,4,read,0.0037
illegal,13,5,read,0.0036
illegal,13,6,read,0.0033
illegal,13,7,read,0.0019
illegal,13,8,projection,5.8386
illegal,13,9,publish,0.0001
illegal,14,0,construct,0.0017
illegal,14,0,read,0.0441
illegal,14,1,read,0.0043
illegal,14,2,read,0.001
illegal,14,3,read,0.001
illegal,14,4,read,0.0009
illegal,14,5,read,0.001
illegal,14,6,read,0.0009
illegal,14,7,read,0.0011
illegal,14,8,projection,5.7406
illegal,14,9,publish,0.0001
illegal,15,0,construct,0.0019
illegal,15,0,read,0.0486
illegal,15,1,read,0.0059
illegal,15,2,read,0.0009
illegal,15,3,read,0.0011
illegal,15,4,read,0.0009
illegal,15,5,read,0.0011
illegal,15,6,read,0.0009
illegal,15,7,read,0.001
illegal,15,8,projection,5.6048
illegal,15,9,publish,0
illegal,16,0,construct,0.002
illegal,16,0,read,0.0235
illegal,16,1,read,0.0059
illegal,16,2,read,0.003
illegal,16,3,read,0.0037
illegal,16,4,read,0.003
illegal,16,5,read,0.0026
illegal,16,6,read,0.0025
illegal,16,7,read,0.0019
illegal,16,8,projection,6.0659
illegal,16,9,publish,0.0001
illegal,17,0,construct,0.0014
illegal,17,0,read,0.0379
illegal,17,1,read,0.0065
illegal,17,2,read,0.0011
illegal,17,3,read,0.001
illegal,17,4,read,0.001
illegal,17,5,read,0.001
illegal,17,6,read,0.0014
illegal,17,7,read,0.0012
illegal,17,8,projection,5.4135
illegal,17,9,publish,0.0001
illegal,18,0,construct,0.0071
illegal,18,0,read,0.0341
illegal,18,1,read,0.0066
illegal,18,2,read,0.0035
illegal,18,3,read,0.0036
illegal,18,4,read,0.0035
illegal,18,5,read,0.0035
illegal,18,6,read,0.0039
illegal,18,7,read,0.0026
illegal,18,8,projection,5.9594
illegal,18,9,publish,0.0001
illegal,19,0,construct,0.0006
illegal,19,0,read,0.0404
illegal,19,1,read,0.0056
illegal,19,2,read,0.0012
illegal,19,3,read,0.001
illegal,19,4,read,0.001
illegal,19,5,read,0.0012
illegal,19,6,read,0.0009
illegal,19,7,read,0.0009
illegal,19,8,projection,5.5654
illegal,19,9,publish,0.0001
illegal,20,0,construct,0.0016
illegal,20,0,read,0.0416
illegal,20,1,read,0.0045
illegal,20,2,read,0.0009
illegal,20,3,read,0.001
illegal,20,4,read,0.0009
illegal,20,5,read,0.0008
illegal,20,6,read,0.0009
illegal,20,7,read,0.0012
illegal,20,8,projection,5.4407
illegal,20,9,publish,0.0001
illegal,21,0,construct,0.0023
illegal,21,0,read,0.0592
illegal,21,1,read,0.0095
illegal,21,2,read,0.0046
illegal,21,3,read,0.0042
illegal,21,4,read,0.0045
illegal,21,5,read,0.004
illegal,21,6,read,0.0037
illegal,21,7,read,0.0023
illegal,21,8,projection,5.739
illegal,21,9,publish,0.0002
illegal,22,0,construct,0.0007
illegal,22,0,read,0.0314
illegal,22,1,read,0.0049
illegal,22,2,read,0.0009
illegal,22,3,read,0.0009
illegal,22,4,read,0.0009
illegal,22,5,read,0.001
illegal,22,6,read,0.0009
illegal,22,7,read,0.001
illegal,22,8,projection,5.6559
illegal,22,9,publish,0.0004
illegal,23,0,construct,0.0005
illegal,23,0,read,0.0313
illegal,23,1,read,0.0054
illegal,23,2,read,0.001
illegal,23,3,read,0.0009
illegal,23,4,read,0.0009
illegal,23,5,read,0.0009
illegal,23,6,read,0.0009
illegal,23,7,read,0.0009
illegal,23,8,projection,5.4698
illegal,23,9,publish,0.0001
illegal,24,0,construct,0.0018
illegal,24,0,read,0.0338
illegal,24,1,read,0.0066
illegal,24,2,read,0.0036
illegal,24,3,read,0.0036
illegal,24,4,read,0.0034
illegal,24,5,read,0.0034
illegal,24,6,read,0.0036
illegal,24,7,read,0.0027
illegal,24,8,projection,5.7549
illegal,24,9,publish,0.0001
illegal,25,0,construct,0.0004
illegal,25,0,read,0.0491
illegal,25,1,read,0.0053
illegal,25,2,read,0.001
illegal,25,3,read,0.0009
illegal,25,4,read,0.0011
illegal,25,5,read,0.0009
illegal,25,6,read,0.0009
illegal,25,7,read,0.0008
illegal,25,8,projection,5.7468
illegal,25,9,publish,0.0001
illegal,26,0,construct,0.0004
illegal,26,0,read,0.0388
illegal,26,1,read,0.0041
illegal,26,2,read,0.0011
illegal,26,3,read,0.001
illegal,26,4,read,0.001
illegal,26,5,read,0.0011
illegal,26,6,read,0.001
illegal,26,7,read,0.0009
illegal,26,8,projection,5.8055
illegal,26,9,publish,0.0003
illegal,27,0,construct,0.0005
illegal,27,0,read,0.0426
illegal,27,1,read,0.0092
illegal,27,2,read,0.0047
illegal,27,3,read,0.0043
illegal,27,4,read,0.0046
illegal,27,5,read,0.0043
illegal,27,6,read,0.0042
illegal,27,7,read,0.0028
illegal,27,8,projection,6.5835
illegal,27,9,publish,0.0001
illegal,28,0,construct,0.0008
illegal,28,0,read,0.0424
illegal,28,1,read,0.0063
illegal,28,2,read,0.0014
illegal,28,3,read,0.0014
illegal,28,4,read,0.001
illegal,28,5,read,0.001
illegal,28,6,read,0.0007
illegal,28,7,read,0.001
illegal,28,8,projection,6.7208
illegal,28,9,publish,0.0002
illegal,29,0,construct,0.0005
illegal,29,0,read,0.0523
illegal,29,1,read,0.0168
illegal,29,2,read,0.001
illegal,29,3,read,0.0011
illegal,29,4,read,0.0009
illegal,29,5,read,0.001
illegal,29,6,read,0.001
illegal,29,7,read,0.0009
illegal,29,8,projection,5.7587
illegal,29,9,publish,0.0001
