fixture,caret,trial,steps,construction_ms,total_work_ms,p95_step_ms,worst_step_ms
short-lines,0,0,26,0.005200,0.314000,0.023800,0.045600
short-lines-next,1,0,1,0.058500,0.058700,0.000200,0.000200
short-lines,0,1,26,0.000100,0.189600,0.012700,0.016000
short-lines-next,1,1,1,0.058900,0.059000,0.000100,0.000100
short-lines,8388608,0,26,0.000000,0.230600,0.014200,0.014200
short-lines-next,8388609,0,1,0.037000,0.037300,0.000300,0.000300
short-lines,8388608,1,26,0.000200,0.256100,0.012600,0.013900
short-lines-next,8388609,1,1,0.011800,0.011900,0.000100,0.000100
long-ascii,0,0,4104,0.000200,38.225600,0.013300,0.271800
long-ascii-next,1,0,1,0.012200,0.012400,0.000200,0.000200
long-ascii,0,1,4104,0.000000,40.604200,0.014400,0.242600
long-ascii-next,1,1,1,0.003000,0.003100,0.000100,0.000100
long-ascii,8388608,0,7175,0.000100,95.568800,0.024400,0.398400
long-ascii-next,8388609,0,2,0.003500,0.245000,0.240400,0.240400
long-ascii,8388608,1,7175,0.000000,95.605400,0.024300,0.365400
long-ascii-next,8388609,1,2,0.002800,0.247900,0.243900,0.243900
long-controls,0,0,4104,0.000200,36.660000,0.009500,0.241300
long-controls-next,1,0,1,0.003300,0.003500,0.000200,0.000200
long-controls,0,1,4104,0.000100,36.527600,0.009400,0.231600
long-controls-next,1,1,1,0.002000,0.002100,0.000100,0.000100
long-controls,8388608,0,7175,0.000100,92.693900,0.023300,0.409900
long-controls-next,8388609,0,2,0.004800,0.405200,0.398100,0.398100
long-controls,8388608,1,7175,0.000200,94.116000,0.023400,0.703800
long-controls-next,8388609,1,2,0.002600,0.310100,0.305400,0.305400
