fixture,operation,sample,elapsed_ms
ascii-1m,fresh-view-at-start,0,0.538200
ascii-1m,fresh-view-at-start,1,0.498500
ascii-1m,fresh-view-at-start,2,0.437300
ascii-1m,fresh-view-at-start,3,0.430800
ascii-1m,fresh-view-at-start,4,0.434300
ascii-1m,fresh-view-at-start,5,0.425000
ascii-1m,fresh-view-at-start,6,0.418700
ascii-1m,fresh-view-at-start,7,0.417900
ascii-1m,fresh-view-at-start,8,0.550600
ascii-1m,fresh-view-at-start,9,0.487500
ascii-1m,fresh-view-at-start,10,0.450300
ascii-1m,fresh-view-at-start,11,0.493700
ascii-1m,fresh-view-at-start,12,0.545500
ascii-1m,fresh-view-at-start,13,0.506700
ascii-1m,fresh-view-at-start,14,0.462900
ascii-1m,fresh-view-at-start,15,0.452400
ascii-1m,fresh-view-at-start,16,0.453800
ascii-1m,fresh-view-at-start,17,0.446800
ascii-1m,fresh-view-at-start,18,0.460300
ascii-1m,fresh-view-at-start,19,0.451400
ascii-1m,fresh-view-at-start,20,0.446000
ascii-1m,fresh-view-at-start,21,0.441800
ascii-1m,fresh-view-at-start,22,0.470400
ascii-1m,fresh-view-at-start,23,0.435600
ascii-1m,fresh-view-at-start,24,0.447500
ascii-1m,fresh-view-at-start,25,0.454600
ascii-1m,fresh-view-at-start,26,0.461800
ascii-1m,fresh-view-at-start,27,0.451100
ascii-1m,fresh-view-at-start,28,0.438400
ascii-1m,fresh-view-at-start,29,0.454000
ascii-1m,fresh-view-at-start,30,0.444500
ascii-100k,first-frame,0,8.635400
ascii-100k,page-up-and-frame,0,3.429800
ascii-100k,page-up-and-frame,1,5.461300
ascii-100k,page-up-and-frame,2,5.423600
ascii-100k,page-up-and-frame,3,4.843200
ascii-100k,page-up-and-frame,4,4.827200
ascii-100k,page-up-and-frame,5,4.275700
ascii-100k,page-up-and-frame,6,5.887800
ascii-100k,page-up-and-frame,7,3.368600
ascii-100k,page-up-and-frame,8,6.270500
ascii-100k,page-up-and-frame,9,2.634600
ascii-100k,page-up-and-frame,10,6.534700
ascii-100k,page-up-and-frame,11,2.804200
ascii-100k,page-up-and-frame,12,6.289400
ascii-100k,page-up-and-frame,13,3.655300
ascii-100k,page-up-and-frame,14,5.329000
ascii-100k,page-up-and-frame,15,4.523600
ascii-100k,page-up-and-frame,16,5.416400
ascii-100k,page-up-and-frame,17,5.085600
ascii-100k,page-up-and-frame,18,4.058600
ascii-100k,page-up-and-frame,19,5.782700
ascii-100k,page-up-and-frame,20,3.451400
ascii-100k,page-up-and-frame,21,6.515100
ascii-100k,page-up-and-frame,22,2.199600
ascii-100k,page-up-and-frame,23,7.371300
ascii-100k,page-up-and-frame,24,2.994600
ascii-100k,page-up-and-frame,25,5.867900
ascii-100k,page-up-and-frame,26,3.622600
ascii-100k,page-up-and-frame,27,7.340900
ascii-100k,page-up-and-frame,28,4.113300
ascii-100k,page-up-and-frame,29,4.705200
ascii-100k,page-up-and-frame,30,4.986000
mixed-106496,first-frame,0,4.372700
mixed-106496,page-up-and-frame,0,1.616900
mixed-106496,page-up-and-frame,1,2.190000
mixed-106496,page-up-and-frame,2,3.272100
mixed-106496,page-up-and-frame,3,1.301300
mixed-106496,page-up-and-frame,4,3.308400
mixed-106496,page-up-and-frame,5,2.049900
mixed-106496,page-up-and-frame,6,1.219600
mixed-106496,page-up-and-frame,7,3.346300
mixed-106496,page-up-and-frame,8,1.490600
mixed-106496,page-up-and-frame,9,2.372900
mixed-106496,page-up-and-frame,10,3.540100
mixed-106496,page-up-and-frame,11,1.103100
mixed-106496,page-up-and-frame,12,2.714500
mixed-106496,page-up-and-frame,13,1.977500
mixed-106496,page-up-and-frame,14,1.181400
mixed-106496,page-up-and-frame,15,3.174900
mixed-106496,page-up-and-frame,16,1.478200
mixed-106496,page-up-and-frame,17,2.398100
mixed-106496,page-up-and-frame,18,2.594200
mixed-106496,page-up-and-frame,19,1.171300
mixed-106496,page-up-and-frame,20,2.678100
mixed-106496,page-up-and-frame,21,2.102900
mixed-106496,page-up-and-frame,22,1.234900
mixed-106496,page-up-and-frame,23,3.021400
mixed-106496,page-up-and-frame,24,1.534500
mixed-106496,page-up-and-frame,25,2.474700
mixed-106496,page-up-and-frame,26,2.670500
mixed-106496,page-up-and-frame,27,1.089700
mixed-106496,page-up-and-frame,28,2.647700
mixed-106496,page-up-and-frame,29,1.973600
mixed-106496,page-up-and-frame,30,1.707200
