sample,milliseconds,initial_milliseconds,worst_slice_milliseconds,slices
0,1.938300,1.938200,1.938200,1
1,2.070000,2.070000,2.070000,1
2,1.854000,1.854000,1.854000,1
3,1.931000,1.931000,1.931000,1
4,1.392700,1.392700,1.392700,1
5,2.121800,2.064500,2.064500,2
6,1.552700,1.552700,1.552700,1
7,1.470100,1.470000,1.470000,1
8,1.343600,1.343500,1.343500,1
9,1.603200,1.603100,1.603100,1
10,1.324600,1.324600,1.324600,1
11,1.406300,1.406200,1.406200,1
12,1.315500,1.315400,1.315400,1
13,1.391800,1.391700,1.391700,1
14,1.294900,1.294800,1.294800,1
15,1.392500,1.392500,1.392500,1
16,1.415000,1.414900,1.414900,1
17,1.455400,1.455400,1.455400,1
18,1.334400,1.334400,1.334400,1
19,1.410900,1.410900,1.410900,1
20,1.856800,1.856800,1.856800,1
21,2.134600,2.083300,2.083300,2
22,1.596300,1.596200,1.596200,1
23,1.427200,1.427200,1.427200,1
24,1.320000,1.320000,1.320000,1
25,1.441100,1.441000,1.441000,1
26,1.801100,1.801100,1.801100,1
27,1.828900,1.828800,1.828800,1
28,1.428100,1.428100,1.428100,1
29,1.772000,1.772000,1.772000,1
30,1.789700,1.789700,1.789700,1
