fixture,trial,operation,index,wall_ms,cpu_ms
ascii,0,prepare,0,1.013300,
ascii,0,step,0,0.352700,0.000000
ascii,0,step,1,0.289700,0.000000
ascii,0,step,2,0.244300,0.000000
ascii,0,step,3,0.258900,0.000000
ascii,0,step,4,0.244500,0.000000
ascii,0,step,5,0.245600,0.000000
ascii,0,step,6,0.242000,0.000000
ascii,0,step,7,0.268200,0.000000
ascii,0,step,8,0.244000,0.000000
ascii,0,step,9,0.241000,0.000000
ascii,0,step,10,0.241300,0.000000
ascii,0,step,11,0.239600,0.000000
ascii,0,step,12,0.241100,0.000000
ascii,0,step,13,0.254200,0.000000
ascii,0,step,14,0.239500,0.000000
ascii,0,step,15,0.336600,0.000000
ascii,0,step,16,0.284700,0.000000
ascii,0,step,17,0.256200,0.000000
ascii,0,step,18,0.240100,0.000000
ascii,0,step,19,0.241000,0.000000
ascii,0,step,20,0.243900,0.000000
ascii,0,step,21,0.247900,0.000000
ascii,0,step,22,0.243400,0.000000
ascii,0,step,23,0.243700,0.000000
ascii,0,step,24,0.253100,0.000000
ascii,0,step,25,0.243100,0.000000
ascii,0,step,26,0.240500,0.000000
ascii,0,step,27,0.240900,0.000000
ascii,0,step,28,0.243000,0.000000
ascii,0,step,29,0.245800,0.000000
ascii,0,step,30,0.249400,15.625000
ascii,0,step,31,0.293400,0.000000
ascii,0,step,32,0.274600,0.000000
ascii,0,step,33,0.223600,0.000000
ascii,0,step,34,0.220100,0.000000
ascii,0,step,35,0.222800,0.000000
ascii,0,step,36,0.221600,0.000000
ascii,0,step,37,0.248400,0.000000
ascii,0,step,38,0.229100,0.000000
ascii,0,step,39,0.224100,0.000000
ascii,0,step,40,0.228300,0.000000
ascii,0,step,41,0.228700,0.000000
ascii,0,step,42,0.222900,0.000000
ascii,0,step,43,0.231500,0.000000
ascii,0,step,44,0.291000,0.000000
ascii,0,step,45,0.294400,0.000000
ascii,0,step,46,0.225300,0.000000
ascii,0,step,47,0.266600,0.000000
ascii,0,step,48,0.263400,0.000000
ascii,0,step,49,0.229500,0.000000
ascii,0,step,50,0.236800,0.000000
ascii,0,step,51,0.232700,0.000000
ascii,0,step,52,0.225900,0.000000
ascii,0,step,53,0.229100,0.000000
ascii,0,step,54,0.222900,0.000000
ascii,0,step,55,0.237500,0.000000
ascii,0,step,56,0.260800,0.000000
ascii,0,step,57,0.253400,0.000000
ascii,0,step,58,0.240100,0.000000
ascii,0,step,59,0.262500,0.000000
ascii,0,step,60,0.229200,0.000000
ascii,0,step,61,0.227900,0.000000
ascii,0,step,62,0.236400,0.000000
ascii,0,step,63,0.253500,0.000000
ascii,0,step,64,0.269600,0.000000
ascii,0,step,65,0.254400,0.000000
ascii,0,step,66,0.233700,0.000000
ascii,0,step,67,0.225700,0.000000
ascii,0,step,68,0.234400,0.000000
ascii,0,step,69,0.227900,0.000000
ascii,0,step,70,0.234500,0.000000
ascii,0,step,71,0.238200,0.000000
ascii,0,step,72,0.228500,0.000000
ascii,0,step,73,0.231200,0.000000
ascii,0,step,74,0.236600,0.000000
ascii,0,step,75,0.222800,0.000000
ascii,0,step,76,0.240400,0.000000
ascii,0,step,77,0.245200,0.000000
ascii,0,step,78,0.248300,0.000000
ascii,0,step,79,0.264900,0.000000
ascii,0,step,80,0.264400,0.000000
ascii,0,step,81,0.225000,0.000000
ascii,0,step,82,0.233200,0.000000
ascii,0,step,83,0.223600,0.000000
ascii,0,step,84,0.237200,0.000000
ascii,0,step,85,0.245300,0.000000
ascii,0,step,86,0.233500,0.000000
ascii,0,step,87,0.228200,0.000000
ascii,0,step,88,0.225100,0.000000
ascii,0,step,89,0.220900,0.000000
ascii,0,step,90,0.223900,0.000000
ascii,0,step,91,0.219200,0.000000
ascii,0,step,92,0.224600,0.000000
ascii,0,step,93,0.221800,0.000000
ascii,0,step,94,0.220800,0.000000
ascii,0,step,95,0.259700,0.000000
ascii,0,step,96,0.253700,15.625000
ascii,0,step,97,0.221600,0.000000
ascii,0,step,98,0.221700,0.000000
ascii,0,step,99,0.225900,0.000000
ascii,0,step,100,0.222500,0.000000
ascii,0,step,101,0.228000,0.000000
ascii,0,step,102,0.219900,0.000000
ascii,0,step,103,0.223800,0.000000
ascii,0,step,104,0.223100,0.000000
ascii,0,step,105,0.217900,0.000000
ascii,0,step,106,0.217200,0.000000
ascii,0,step,107,0.218800,0.000000
ascii,0,step,108,0.224200,0.000000
ascii,0,step,109,0.219900,0.000000
ascii,0,step,110,0.220800,0.000000
ascii,0,step,111,0.241700,0.000000
ascii,0,step,112,0.263100,0.000000
ascii,0,step,113,0.223800,0.000000
ascii,0,step,114,0.221600,0.000000
ascii,0,step,115,0.220100,0.000000
ascii,0,step,116,0.222300,0.000000
ascii,0,step,117,0.225300,0.000000
ascii,0,step,118,0.226900,0.000000
ascii,0,step,119,0.222500,0.000000
ascii,0,step,120,0.223100,0.000000
ascii,0,step,121,0.227600,0.000000
ascii,0,step,122,0.221300,0.000000
ascii,0,step,123,0.221200,0.000000
ascii,0,step,124,0.231600,0.000000
ascii,0,step,125,0.227000,0.000000
ascii,0,step,126,0.223100,0.000000
ascii,0,step,127,0.251000,0.000000
ascii,0,step,128,0.243400,0.000000
ascii,0,step,129,0.225800,0.000000
ascii,0,step,130,0.220500,0.000000
ascii,0,step,131,0.228900,0.000000
ascii,0,step,132,0.217400,0.000000
ascii,0,step,133,0.219600,0.000000
ascii,0,step,134,0.226400,0.000000
ascii,0,step,135,0.221800,0.000000
ascii,0,step,136,0.224100,0.000000
ascii,0,step,137,0.221000,0.000000
ascii,0,step,138,0.225300,0.000000
ascii,0,step,139,0.219300,0.000000
ascii,0,step,140,0.222200,0.000000
ascii,0,step,141,0.221500,0.000000
ascii,0,step,142,0.225800,0.000000
ascii,0,step,143,0.243800,0.000000
ascii,0,step,144,0.256100,0.000000
ascii,0,step,145,0.221900,0.000000
ascii,0,step,146,0.274500,0.000000
ascii,0,step,147,0.226000,0.000000
ascii,0,step,148,0.223800,0.000000
ascii,0,step,149,0.222000,0.000000
ascii,0,step,150,0.221800,0.000000
ascii,0,step,151,0.226200,0.000000
ascii,0,step,152,0.225100,0.000000
ascii,0,step,153,0.220600,0.000000
ascii,0,step,154,0.221400,0.000000
ascii,0,step,155,0.224300,0.000000
ascii,0,step,156,0.223700,0.000000
ascii,0,step,157,0.223100,0.000000
ascii,0,step,158,0.221800,0.000000
ascii,0,step,159,0.253000,0.000000
ascii,0,step,160,0.250300,0.000000
ascii,0,step,161,0.222900,0.000000
ascii,0,step,162,0.221800,0.000000
ascii,0,step,163,0.220700,0.000000
ascii,0,step,164,0.247000,0.000000
ascii,0,step,165,0.238100,15.625000
ascii,0,step,166,0.222500,0.000000
ascii,0,step,167,0.221800,0.000000
ascii,0,step,168,0.228000,0.000000
ascii,0,step,169,0.220800,0.000000
ascii,0,step,170,0.228600,0.000000
ascii,0,step,171,0.222200,0.000000
ascii,0,step,172,0.222900,0.000000
ascii,0,step,173,0.233100,0.000000
ascii,0,step,174,0.222200,0.000000
ascii,0,step,175,0.249700,0.000000
ascii,0,step,176,0.256500,0.000000
ascii,0,step,177,0.226600,0.000000
ascii,0,step,178,0.223500,0.000000
ascii,0,step,179,0.219300,0.000000
ascii,0,step,180,0.220900,0.000000
ascii,0,step,181,0.225500,0.000000
ascii,0,step,182,0.219600,0.000000
ascii,0,step,183,0.224800,0.000000
ascii,0,step,184,0.228500,0.000000
ascii,0,step,185,0.237400,0.000000
ascii,0,step,186,0.372000,0.000000
ascii,0,step,187,0.256700,0.000000
ascii,0,step,188,0.228700,0.000000
ascii,0,step,189,0.235300,0.000000
ascii,0,step,190,0.223200,0.000000
ascii,0,step,191,0.255400,0.000000
ascii,0,step,192,0.285600,0.000000
ascii,0,step,193,0.244100,0.000000
ascii,0,step,194,0.237900,0.000000
ascii,0,step,195,0.258100,0.000000
ascii,0,step,196,0.231000,0.000000
ascii,0,step,197,0.226900,0.000000
ascii,0,step,198,0.236500,0.000000
ascii,0,step,199,0.231200,0.000000
ascii,0,step,200,0.249100,0.000000
ascii,0,step,201,0.252500,0.000000
ascii,0,step,202,0.237000,0.000000
ascii,0,step,203,0.228400,0.000000
ascii,0,step,204,0.236100,0.000000
ascii,0,step,205,0.232100,0.000000
ascii,0,step,206,0.234500,0.000000
ascii,0,step,207,0.262600,0.000000
ascii,0,step,208,0.256200,0.000000
ascii,0,step,209,0.238300,0.000000
ascii,0,step,210,0.231600,0.000000
ascii,0,step,211,0.271900,0.000000
ascii,0,step,212,0.312500,0.000000
ascii,0,step,213,0.260600,0.000000
ascii,0,step,214,0.245000,0.000000
ascii,0,step,215,0.402400,0.000000
ascii,0,step,216,0.263800,0.000000
ascii,0,step,217,0.232000,0.000000
ascii,0,step,218,0.229100,0.000000
ascii,0,step,219,0.227300,0.000000
ascii,0,step,220,0.235300,0.000000
ascii,0,step,221,0.228500,0.000000
ascii,0,step,222,0.223000,0.000000
ascii,0,step,223,0.251900,0.000000
ascii,0,step,224,0.251700,0.000000
ascii,0,step,225,0.228600,0.000000
ascii,0,step,226,0.226900,0.000000
ascii,0,step,227,0.228700,0.000000
ascii,0,step,228,0.229300,0.000000
ascii,0,step,229,0.232000,0.000000
ascii,0,step,230,0.235200,15.625000
ascii,0,step,231,0.226100,0.000000
ascii,0,step,232,0.224300,0.000000
ascii,0,step,233,0.229700,0.000000
ascii,0,step,234,0.225200,0.000000
ascii,0,step,235,0.223500,0.000000
ascii,0,step,236,0.222800,0.000000
ascii,0,step,237,0.225700,0.000000
ascii,0,step,238,0.228800,0.000000
ascii,0,step,239,0.247800,0.000000
ascii,0,step,240,0.258000,0.000000
ascii,0,step,241,0.222100,0.000000
ascii,0,step,242,0.227200,0.000000
ascii,0,step,243,0.223300,0.000000
ascii,0,step,244,0.227200,0.000000
ascii,0,step,245,0.225500,0.000000
ascii,0,step,246,0.225600,0.000000
ascii,0,step,247,0.224200,0.000000
ascii,0,step,248,0.228900,0.000000
ascii,0,step,249,0.223300,0.000000
ascii,0,step,250,0.229500,0.000000
ascii,0,step,251,0.226600,0.000000
ascii,0,step,252,0.228200,0.000000
ascii,0,step,253,0.225800,0.000000
ascii,0,step,254,0.226000,0.000000
ascii,0,step,255,0.279000,0.000000
ascii,0,publish,0,29.204100,0.000000
ascii,0,cancel,0,0.235600,
ascii,1,prepare,0,0.445500,
ascii,1,step,0,0.299500,0.000000
ascii,1,step,1,0.253600,0.000000
ascii,1,step,2,0.241500,0.000000
ascii,1,step,3,0.257200,0.000000
ascii,1,step,4,0.266100,0.000000
ascii,1,step,5,0.231800,0.000000
ascii,1,step,6,0.359300,0.000000
ascii,1,step,7,0.286100,0.000000
ascii,1,step,8,0.246700,0.000000
ascii,1,step,9,0.226600,0.000000
ascii,1,step,10,0.231900,0.000000
ascii,1,step,11,0.223900,0.000000
ascii,1,step,12,0.303600,0.000000
ascii,1,step,13,0.350800,0.000000
ascii,1,step,14,0.360500,0.000000
ascii,1,step,15,0.438100,0.000000
ascii,1,step,16,0.422500,0.000000
ascii,1,step,17,0.396300,0.000000
ascii,1,step,18,0.421500,0.000000
ascii,1,step,19,0.388700,0.000000
ascii,1,step,20,0.385100,0.000000
ascii,1,step,21,0.398900,0.000000
ascii,1,step,22,0.389500,0.000000
ascii,1,step,23,0.446600,0.000000
ascii,1,step,24,0.423100,0.000000
ascii,1,step,25,0.397600,0.000000
ascii,1,step,26,0.435800,0.000000
ascii,1,step,27,0.424900,0.000000
ascii,1,step,28,0.400900,0.000000
ascii,1,step,29,0.403700,15.625000
ascii,1,step,30,0.413200,0.000000
ascii,1,step,31,0.491600,0.000000
ascii,1,step,32,0.496600,0.000000
ascii,1,step,33,0.411900,0.000000
ascii,1,step,34,0.393800,0.000000
ascii,1,step,35,0.431200,0.000000
ascii,1,step,36,0.407200,0.000000
ascii,1,step,37,0.414600,0.000000
ascii,1,step,38,0.414800,0.000000
ascii,1,step,39,0.412600,0.000000
ascii,1,step,40,0.404600,0.000000
ascii,1,step,41,0.417100,0.000000
ascii,1,step,42,0.405200,0.000000
ascii,1,step,43,0.404100,0.000000
ascii,1,step,44,0.425000,0.000000
ascii,1,step,45,0.424400,0.000000
ascii,1,step,46,0.422900,0.000000
ascii,1,step,47,0.482200,0.000000
ascii,1,step,48,0.440900,0.000000
ascii,1,step,49,0.286500,0.000000
ascii,1,step,50,0.241500,0.000000
ascii,1,step,51,0.229800,0.000000
ascii,1,step,52,0.232100,0.000000
ascii,1,step,53,0.255300,0.000000
ascii,1,step,54,0.241100,0.000000
ascii,1,step,55,0.222700,0.000000
ascii,1,step,56,0.220500,0.000000
ascii,1,step,57,0.238100,0.000000
ascii,1,step,58,0.221500,0.000000
ascii,1,step,59,0.230500,0.000000
ascii,1,step,60,0.229200,0.000000
ascii,1,step,61,0.235200,0.000000
ascii,1,step,62,0.221600,0.000000
ascii,1,step,63,0.282200,0.000000
ascii,1,step,64,0.246100,0.000000
ascii,1,step,65,0.230700,0.000000
ascii,1,step,66,0.224100,0.000000
ascii,1,step,67,0.231500,0.000000
ascii,1,step,68,0.223800,0.000000
ascii,1,step,69,0.217600,0.000000
ascii,1,step,70,0.228200,0.000000
ascii,1,step,71,0.224200,0.000000
ascii,1,step,72,0.231600,0.000000
ascii,1,step,73,0.221500,0.000000
ascii,1,step,74,0.242900,0.000000
ascii,1,step,75,0.223300,0.000000
ascii,1,step,76,0.225800,0.000000
ascii,1,step,77,0.220700,0.000000
ascii,1,step,78,0.229400,0.000000
ascii,1,step,79,0.305300,0.000000
ascii,1,step,80,0.255700,0.000000
ascii,1,step,81,0.224800,0.000000
ascii,1,step,82,0.228100,0.000000
ascii,1,step,83,0.221600,0.000000
ascii,1,step,84,0.225500,0.000000
ascii,1,step,85,0.224200,0.000000
ascii,1,step,86,0.229900,0.000000
ascii,1,step,87,0.228200,0.000000
ascii,1,step,88,0.224700,0.000000
ascii,1,step,89,0.223100,0.000000
ascii,1,step,90,0.224400,0.000000
ascii,1,step,91,0.233500,0.000000
ascii,1,step,92,0.224300,0.000000
ascii,1,step,93,0.222600,0.000000
ascii,1,step,94,0.221300,0.000000
ascii,1,step,95,0.267800,0.000000
ascii,1,step,96,0.246900,0.000000
ascii,1,step,97,0.221600,0.000000
ascii,1,step,98,0.220900,0.000000
ascii,1,step,99,0.236400,0.000000
ascii,1,step,100,0.225900,0.000000
ascii,1,step,101,0.221800,0.000000
ascii,1,step,102,0.225100,0.000000
ascii,1,step,103,0.221900,0.000000
ascii,1,step,104,0.232700,0.000000
ascii,1,step,105,0.224900,0.000000
ascii,1,step,106,0.228500,0.000000
ascii,1,step,107,0.231300,15.625000
ascii,1,step,108,0.280000,0.000000
ascii,1,step,109,0.295900,0.000000
ascii,1,step,110,0.223500,0.000000
ascii,1,step,111,0.260600,0.000000
ascii,1,step,112,0.278900,0.000000
ascii,1,step,113,0.229700,0.000000
ascii,1,step,114,0.235200,0.000000
ascii,1,step,115,0.225100,0.000000
ascii,1,step,116,0.265500,0.000000
ascii,1,step,117,0.234700,0.000000
ascii,1,step,118,0.248600,0.000000
ascii,1,step,119,0.228800,0.000000
ascii,1,step,120,0.236500,0.000000
ascii,1,step,121,0.224700,0.000000
ascii,1,step,122,0.247100,0.000000
ascii,1,step,123,0.226300,0.000000
ascii,1,step,124,0.246300,0.000000
ascii,1,step,125,0.223600,0.000000
ascii,1,step,126,0.224500,0.000000
ascii,1,step,127,0.265800,0.000000
ascii,1,step,128,0.352600,0.000000
ascii,1,step,129,0.380700,0.000000
ascii,1,step,130,0.367300,0.000000
ascii,1,step,131,0.274600,0.000000
ascii,1,step,132,0.230300,0.000000
ascii,1,step,133,0.224100,0.000000
ascii,1,step,134,0.220700,0.000000
ascii,1,step,135,0.250700,0.000000
ascii,1,step,136,0.226900,0.000000
ascii,1,step,137,0.224500,0.000000
ascii,1,step,138,0.227400,0.000000
ascii,1,step,139,0.240300,0.000000
ascii,1,step,140,0.227100,0.000000
ascii,1,step,141,0.231300,0.000000
ascii,1,step,142,0.219900,0.000000
ascii,1,step,143,0.294300,0.000000
ascii,1,step,144,0.276700,0.000000
ascii,1,step,145,0.227500,0.000000
ascii,1,step,146,0.246400,0.000000
ascii,1,step,147,0.245800,0.000000
ascii,1,step,148,0.228300,0.000000
ascii,1,step,149,0.222200,0.000000
ascii,1,step,150,0.224100,0.000000
ascii,1,step,151,0.257600,0.000000
ascii,1,step,152,0.245900,0.000000
ascii,1,step,153,0.236800,0.000000
ascii,1,step,154,0.245700,0.000000
ascii,1,step,155,0.225700,0.000000
ascii,1,step,156,0.232500,0.000000
ascii,1,step,157,0.227400,0.000000
ascii,1,step,158,0.233400,0.000000
ascii,1,step,159,0.272100,0.000000
ascii,1,step,160,0.279300,0.000000
ascii,1,step,161,0.237600,0.000000
ascii,1,step,162,0.231800,0.000000
ascii,1,step,163,0.246400,0.000000
ascii,1,step,164,0.228900,0.000000
ascii,1,step,165,0.234400,0.000000
ascii,1,step,166,0.236900,0.000000
ascii,1,step,167,0.224700,0.000000
ascii,1,step,168,0.237300,0.000000
ascii,1,step,169,0.237300,0.000000
ascii,1,step,170,0.221600,0.000000
ascii,1,step,171,0.257900,15.625000
ascii,1,step,172,0.262200,0.000000
ascii,1,step,173,0.239200,0.000000
ascii,1,step,174,0.243800,0.000000
ascii,1,step,175,0.244700,0.000000
ascii,1,step,176,0.287700,0.000000
ascii,1,step,177,0.250000,0.000000
ascii,1,step,178,0.221600,0.000000
ascii,1,step,179,0.217800,0.000000
ascii,1,step,180,0.239600,0.000000
ascii,1,step,181,0.242900,0.000000
ascii,1,step,182,0.260400,0.000000
ascii,1,step,183,0.229000,0.000000
ascii,1,step,184,0.232200,0.000000
ascii,1,step,185,0.251800,0.000000
ascii,1,step,186,0.341700,0.000000
ascii,1,step,187,0.227400,0.000000
ascii,1,step,188,0.236900,0.000000
ascii,1,step,189,0.224600,0.000000
ascii,1,step,190,0.228700,0.000000
ascii,1,step,191,0.256500,0.000000
ascii,1,step,192,0.251500,0.000000
ascii,1,step,193,0.221700,0.000000
ascii,1,step,194,0.219200,0.000000
ascii,1,step,195,0.220800,0.000000
ascii,1,step,196,0.230500,0.000000
ascii,1,step,197,0.218400,0.000000
ascii,1,step,198,0.218600,0.000000
ascii,1,step,199,0.220300,0.000000
ascii,1,step,200,0.220400,0.000000
ascii,1,step,201,0.223100,0.000000
ascii,1,step,202,0.219700,0.000000
ascii,1,step,203,0.225000,0.000000
ascii,1,step,204,0.222600,0.000000
ascii,1,step,205,0.227500,0.000000
ascii,1,step,206,0.219800,0.000000
ascii,1,step,207,0.244300,0.000000
ascii,1,step,208,0.244500,0.000000
ascii,1,step,209,0.243000,0.000000
ascii,1,step,210,0.224000,0.000000
ascii,1,step,211,0.231200,0.000000
ascii,1,step,212,0.220900,0.000000
ascii,1,step,213,0.219200,0.000000
ascii,1,step,214,0.224400,0.000000
ascii,1,step,215,0.218800,0.000000
ascii,1,step,216,0.228000,0.000000
ascii,1,step,217,0.216200,0.000000
ascii,1,step,218,0.224200,0.000000
ascii,1,step,219,0.221900,0.000000
ascii,1,step,220,0.220100,0.000000
ascii,1,step,221,0.218900,0.000000
ascii,1,step,222,0.221000,0.000000
ascii,1,step,223,0.246100,0.000000
ascii,1,step,224,0.238400,0.000000
ascii,1,step,225,0.222200,0.000000
ascii,1,step,226,0.217700,0.000000
ascii,1,step,227,0.241300,0.000000
ascii,1,step,228,0.223600,0.000000
ascii,1,step,229,0.218400,0.000000
ascii,1,step,230,0.218900,0.000000
ascii,1,step,231,0.237500,0.000000
ascii,1,step,232,0.218500,0.000000
ascii,1,step,233,0.217800,0.000000
ascii,1,step,234,0.221000,0.000000
ascii,1,step,235,0.218700,0.000000
ascii,1,step,236,0.233200,0.000000
ascii,1,step,237,0.221800,0.000000
ascii,1,step,238,0.218200,0.000000
ascii,1,step,239,0.252100,15.625000
ascii,1,step,240,0.261900,0.000000
ascii,1,step,241,0.217700,0.000000
ascii,1,step,242,0.224200,0.000000
ascii,1,step,243,0.217800,0.000000
ascii,1,step,244,0.246300,0.000000
ascii,1,step,245,0.215400,0.000000
ascii,1,step,246,0.217200,0.000000
ascii,1,step,247,0.276700,0.000000
ascii,1,step,248,0.221500,0.000000
ascii,1,step,249,0.215800,0.000000
ascii,1,step,250,0.214300,0.000000
ascii,1,step,251,0.215200,0.000000
ascii,1,step,252,0.220000,0.000000
ascii,1,step,253,0.220900,0.000000
ascii,1,step,254,0.215800,0.000000
ascii,1,step,255,0.296500,0.000000
ascii,1,publish,0,41.199900,0.000000
ascii,1,cancel,0,0.232200,
ascii,2,prepare,0,0.444500,
ascii,2,step,0,0.287900,0.000000
ascii,2,step,1,0.286800,0.000000
ascii,2,step,2,0.226000,0.000000
ascii,2,step,3,0.261000,0.000000
ascii,2,step,4,0.225600,0.000000
ascii,2,step,5,0.225100,0.000000
ascii,2,step,6,0.226500,0.000000
ascii,2,step,7,0.257300,0.000000
ascii,2,step,8,0.223300,0.000000
ascii,2,step,9,0.232200,0.000000
ascii,2,step,10,0.487500,0.000000
ascii,2,step,11,0.223100,0.000000
ascii,2,step,12,0.233900,0.000000
ascii,2,step,13,0.219300,0.000000
ascii,2,step,14,0.245300,0.000000
ascii,2,step,15,0.251300,0.000000
ascii,2,step,16,0.242500,0.000000
ascii,2,step,17,0.221800,0.000000
ascii,2,step,18,0.235000,0.000000
ascii,2,step,19,0.304300,0.000000
ascii,2,step,20,0.342900,0.000000
ascii,2,step,21,0.225300,0.000000
ascii,2,step,22,0.239800,0.000000
ascii,2,step,23,0.221100,0.000000
ascii,2,step,24,0.232600,0.000000
ascii,2,step,25,0.219600,0.000000
ascii,2,step,26,0.228900,0.000000
ascii,2,step,27,0.223100,0.000000
ascii,2,step,28,0.237900,15.625000
ascii,2,step,29,0.217000,0.000000
ascii,2,step,30,0.220500,0.000000
ascii,2,step,31,0.245800,0.000000
ascii,2,step,32,0.297200,0.000000
ascii,2,step,33,0.225500,0.000000
ascii,2,step,34,0.335500,0.000000
ascii,2,step,35,0.225700,0.000000
ascii,2,step,36,0.262100,0.000000
ascii,2,step,37,0.222700,0.000000
ascii,2,step,38,0.235000,0.000000
ascii,2,step,39,0.225300,0.000000
ascii,2,step,40,0.225700,0.000000
ascii,2,step,41,0.222600,0.000000
ascii,2,step,42,0.223300,0.000000
ascii,2,step,43,0.318600,0.000000
ascii,2,step,44,0.230800,0.000000
ascii,2,step,45,0.228200,0.000000
ascii,2,step,46,0.222400,0.000000
ascii,2,step,47,0.229500,0.000000
ascii,2,step,48,0.256100,0.000000
ascii,2,step,49,0.268400,0.000000
ascii,2,step,50,0.368500,0.000000
ascii,2,step,51,0.318800,0.000000
ascii,2,step,52,0.258700,0.000000
ascii,2,step,53,0.260900,0.000000
ascii,2,step,54,0.233500,0.000000
ascii,2,step,55,0.222400,0.000000
ascii,2,step,56,0.223800,0.000000
ascii,2,step,57,0.225700,0.000000
ascii,2,step,58,0.222600,0.000000
ascii,2,step,59,0.249200,0.000000
ascii,2,step,60,0.277200,0.000000
ascii,2,step,61,0.220000,0.000000
ascii,2,step,62,0.225100,0.000000
ascii,2,step,63,0.224100,0.000000
ascii,2,step,64,0.236200,0.000000
ascii,2,step,65,0.218600,0.000000
ascii,2,step,66,0.222300,0.000000
ascii,2,step,67,0.232100,0.000000
ascii,2,step,68,0.238700,0.000000
ascii,2,step,69,0.236000,0.000000
ascii,2,step,70,0.271000,0.000000
ascii,2,step,71,0.282600,0.000000
ascii,2,step,72,0.287200,0.000000
ascii,2,step,73,0.276600,0.000000
ascii,2,step,74,0.279400,0.000000
ascii,2,step,75,0.238100,0.000000
ascii,2,step,76,0.224900,0.000000
ascii,2,step,77,0.214400,0.000000
ascii,2,step,78,0.224100,0.000000
ascii,2,step,79,0.216300,0.000000
ascii,2,step,80,0.240800,0.000000
ascii,2,step,81,0.220100,0.000000
ascii,2,step,82,0.216000,0.000000
ascii,2,step,83,0.219000,0.000000
ascii,2,step,84,0.244100,0.000000
ascii,2,step,85,0.215700,0.000000
ascii,2,step,86,0.216500,0.000000
ascii,2,step,87,0.226500,0.000000
ascii,2,step,88,0.218700,0.000000
ascii,2,step,89,0.228500,15.625000
ascii,2,step,90,0.222600,0.000000
ascii,2,step,91,0.217100,0.000000
ascii,2,step,92,0.227000,0.000000
ascii,2,step,93,0.218500,0.000000
ascii,2,step,94,0.215900,0.000000
ascii,2,step,95,0.215900,0.000000
ascii,2,step,96,0.239900,0.000000
ascii,2,step,97,0.215700,0.000000
ascii,2,step,98,0.214500,0.000000
ascii,2,step,99,0.220700,0.000000
ascii,2,step,100,0.239600,0.000000
ascii,2,step,101,0.220600,0.000000
ascii,2,step,102,0.220100,0.000000
ascii,2,step,103,0.216100,0.000000
ascii,2,step,104,0.220600,0.000000
ascii,2,step,105,0.234400,0.000000
ascii,2,step,106,0.216200,0.000000
ascii,2,step,107,0.259100,0.000000
ascii,2,step,108,0.231000,0.000000
ascii,2,step,109,0.251500,0.000000
ascii,2,step,110,0.220100,0.000000
ascii,2,step,111,0.232200,0.000000
ascii,2,step,112,0.244100,0.000000
ascii,2,step,113,0.237200,0.000000
ascii,2,step,114,0.223300,0.000000
ascii,2,step,115,0.236500,0.000000
ascii,2,step,116,0.249200,0.000000
ascii,2,step,117,0.238200,0.000000
ascii,2,step,118,0.285600,0.000000
ascii,2,step,119,0.235000,0.000000
ascii,2,step,120,0.224600,0.000000
ascii,2,step,121,0.236400,0.000000
ascii,2,step,122,0.228300,0.000000
ascii,2,step,123,0.223200,0.000000
ascii,2,step,124,0.234900,0.000000
ascii,2,step,125,0.222300,0.000000
ascii,2,step,126,0.237900,0.000000
ascii,2,step,127,0.221700,0.000000
ascii,2,step,128,0.246600,0.000000
ascii,2,step,129,0.221200,0.000000
ascii,2,step,130,0.236100,0.000000
ascii,2,step,131,0.225700,0.000000
ascii,2,step,132,0.255600,0.000000
ascii,2,step,133,0.223400,0.000000
ascii,2,step,134,0.237400,0.000000
ascii,2,step,135,0.223800,0.000000
ascii,2,step,136,0.236800,0.000000
ascii,2,step,137,0.223500,0.000000
ascii,2,step,138,0.224200,0.000000
ascii,2,step,139,0.233600,0.000000
ascii,2,step,140,0.224300,0.000000
ascii,2,step,141,0.247900,0.000000
ascii,2,step,142,0.223500,0.000000
ascii,2,step,143,0.232500,0.000000
ascii,2,step,144,0.243800,0.000000
ascii,2,step,145,0.230900,0.000000
ascii,2,step,146,0.220600,0.000000
ascii,2,step,147,0.349700,0.000000
ascii,2,step,148,0.285900,0.000000
ascii,2,step,149,0.223300,0.000000
ascii,2,step,150,0.224500,0.000000
ascii,2,step,151,0.238700,0.000000
ascii,2,step,152,0.225900,0.000000
ascii,2,step,153,0.232100,0.000000
ascii,2,step,154,0.224400,0.000000
ascii,2,step,155,0.255900,0.000000
ascii,2,step,156,0.233600,0.000000
ascii,2,step,157,0.236000,0.000000
ascii,2,step,158,0.265000,0.000000
ascii,2,step,159,0.263900,0.000000
ascii,2,step,160,0.253500,0.000000
ascii,2,step,161,0.235300,15.625000
ascii,2,step,162,0.225000,0.000000
ascii,2,step,163,0.238200,0.000000
ascii,2,step,164,0.255900,0.000000
ascii,2,step,165,0.237500,0.000000
ascii,2,step,166,0.224200,0.000000
ascii,2,step,167,0.242900,0.000000
ascii,2,step,168,0.228100,0.000000
ascii,2,step,169,0.233100,0.000000
ascii,2,step,170,0.226900,0.000000
ascii,2,step,171,0.290500,0.000000
ascii,2,step,172,0.235700,0.000000
ascii,2,step,173,0.223700,0.000000
ascii,2,step,174,0.222600,0.000000
ascii,2,step,175,0.221900,0.000000
ascii,2,step,176,0.257600,0.000000
ascii,2,step,177,0.223300,0.000000
ascii,2,step,178,0.223800,0.000000
ascii,2,step,179,0.222600,0.000000
ascii,2,step,180,0.258400,0.000000
ascii,2,step,181,0.224400,0.000000
ascii,2,step,182,0.222800,0.000000
ascii,2,step,183,0.223900,0.000000
ascii,2,step,184,0.233300,0.000000
ascii,2,step,185,0.223200,0.000000
ascii,2,step,186,0.222200,0.000000
ascii,2,step,187,0.222100,0.000000
ascii,2,step,188,0.232100,0.000000
ascii,2,step,189,0.268200,0.000000
ascii,2,step,190,0.225900,0.000000
ascii,2,step,191,0.225300,0.000000
ascii,2,step,192,0.247300,0.000000
ascii,2,step,193,0.231000,0.000000
ascii,2,step,194,0.228800,0.000000
ascii,2,step,195,0.257300,0.000000
ascii,2,step,196,0.312800,0.000000
ascii,2,step,197,0.234700,0.000000
ascii,2,step,198,0.228200,0.000000
ascii,2,step,199,0.224500,0.000000
ascii,2,step,200,0.240000,0.000000
ascii,2,step,201,0.235000,0.000000
ascii,2,step,202,0.225900,0.000000
ascii,2,step,203,0.250700,15.625000
ascii,2,step,204,0.222800,0.000000
ascii,2,step,205,0.236400,0.000000
ascii,2,step,206,0.277400,0.000000
ascii,2,step,207,0.283100,0.000000
ascii,2,step,208,0.304300,0.000000
ascii,2,step,209,0.276300,0.000000
ascii,2,step,210,0.280000,0.000000
ascii,2,step,211,0.242600,0.000000
ascii,2,step,212,0.259100,0.000000
ascii,2,step,213,0.224700,0.000000
ascii,2,step,214,0.225400,0.000000
ascii,2,step,215,0.223100,0.000000
ascii,2,step,216,0.234200,0.000000
ascii,2,step,217,0.224100,0.000000
ascii,2,step,218,0.218000,0.000000
ascii,2,step,219,0.232600,0.000000
ascii,2,step,220,0.226900,0.000000
ascii,2,step,221,0.226600,0.000000
ascii,2,step,222,0.223100,0.000000
ascii,2,step,223,0.221500,0.000000
ascii,2,step,224,0.243800,0.000000
ascii,2,step,225,0.227900,0.000000
ascii,2,step,226,0.223900,0.000000
ascii,2,step,227,0.225500,0.000000
ascii,2,step,228,0.279500,0.000000
ascii,2,step,229,0.232700,0.000000
ascii,2,step,230,0.224300,0.000000
ascii,2,step,231,0.223100,0.000000
ascii,2,step,232,0.226500,0.000000
ascii,2,step,233,0.223900,0.000000
ascii,2,step,234,0.229800,0.000000
ascii,2,step,235,0.226900,0.000000
ascii,2,step,236,0.270600,0.000000
ascii,2,step,237,0.232100,0.000000
ascii,2,step,238,0.267600,0.000000
ascii,2,step,239,0.232400,0.000000
ascii,2,step,240,0.260200,0.000000
ascii,2,step,241,0.221400,0.000000
ascii,2,step,242,0.232600,0.000000
ascii,2,step,243,0.220700,0.000000
ascii,2,step,244,0.260200,0.000000
ascii,2,step,245,0.223000,0.000000
ascii,2,step,246,0.228500,0.000000
ascii,2,step,247,0.222800,0.000000
ascii,2,step,248,0.234100,0.000000
ascii,2,step,249,0.221100,0.000000
ascii,2,step,250,0.233900,0.000000
ascii,2,step,251,0.221300,0.000000
ascii,2,step,252,0.221400,0.000000
ascii,2,step,253,0.218800,0.000000
ascii,2,step,254,0.217800,0.000000
ascii,2,step,255,0.238500,0.000000
ascii,2,publish,0,44.243100,0.000000
ascii,2,cancel,0,0.237100,
unicode,0,prepare,0,0.520400,
unicode,0,step,0,0.299300,0.000000
unicode,0,step,1,0.218200,0.000000
unicode,0,step,2,0.215100,0.000000
unicode,0,step,3,0.230500,0.000000
unicode,0,step,4,0.241800,0.000000
unicode,0,step,5,0.180300,0.000000
unicode,0,step,6,0.177300,0.000000
unicode,0,step,7,0.251900,0.000000
unicode,0,step,8,0.229100,0.000000
unicode,0,step,9,0.204600,0.000000
unicode,0,step,10,0.183200,0.000000
unicode,0,step,11,0.228500,0.000000
unicode,0,step,12,0.261600,0.000000
unicode,0,step,13,0.257600,0.000000
unicode,0,step,14,0.186300,0.000000
unicode,0,step,15,0.203800,0.000000
unicode,0,step,16,0.306300,0.000000
unicode,0,step,17,0.205400,0.000000
unicode,0,step,18,0.172500,0.000000
unicode,0,step,19,0.215500,0.000000
unicode,0,step,20,0.214700,0.000000
unicode,0,step,21,0.238400,0.000000
unicode,0,step,22,0.163400,0.000000
unicode,0,step,23,0.170000,0.000000
unicode,0,step,24,0.256500,0.000000
unicode,0,step,25,0.205200,0.000000
unicode,0,step,26,0.196500,0.000000
unicode,0,step,27,0.161400,0.000000
unicode,0,step,28,0.169500,0.000000
unicode,0,step,29,0.246400,0.000000
unicode,0,step,30,0.202600,0.000000
unicode,0,step,31,0.215800,0.000000
unicode,0,step,32,0.214600,0.000000
unicode,0,step,33,0.173300,0.000000
unicode,0,step,34,0.249700,0.000000
unicode,0,step,35,0.160500,0.000000
unicode,0,step,36,0.169500,0.000000
unicode,0,step,37,0.202400,0.000000
unicode,0,step,38,0.201500,0.000000
unicode,0,step,39,0.195900,0.000000
unicode,0,step,40,0.163600,0.000000
unicode,0,step,41,0.169000,0.000000
unicode,0,step,42,0.212200,15.625000
unicode,0,step,43,0.208600,0.000000
unicode,0,step,44,0.256800,0.000000
unicode,0,step,45,0.159300,0.000000
unicode,0,step,46,0.165800,0.000000
unicode,0,step,47,0.243800,0.000000
unicode,0,step,48,0.247100,0.000000
unicode,0,step,49,0.196300,0.000000
unicode,0,step,50,0.163400,0.000000
unicode,0,step,51,0.171600,0.000000
unicode,0,step,52,0.202200,0.000000
unicode,0,step,53,0.204400,0.000000
unicode,0,step,54,0.194500,0.000000
unicode,0,step,55,0.159700,0.000000
unicode,0,step,56,0.169700,0.000000
unicode,0,step,57,0.202500,0.000000
unicode,0,step,58,0.200300,0.000000
unicode,0,step,59,0.203900,0.000000
unicode,0,step,60,0.163600,0.000000
unicode,0,step,61,0.167100,0.000000
unicode,0,step,62,0.242500,0.000000
unicode,0,step,63,0.203700,0.000000
unicode,0,step,64,0.256700,0.000000
unicode,0,step,65,0.175800,0.000000
unicode,0,step,66,0.212500,0.000000
unicode,0,step,67,0.191900,0.000000
unicode,0,step,68,0.163300,0.000000
unicode,0,step,69,0.183000,0.000000
unicode,0,step,70,0.204900,0.000000
unicode,0,step,71,0.217600,0.000000
unicode,0,step,72,0.191300,0.000000
unicode,0,step,73,0.162500,0.000000
unicode,0,step,74,0.182000,0.000000
unicode,0,step,75,0.199000,0.000000
unicode,0,step,76,0.206600,0.000000
unicode,0,step,77,0.192300,0.000000
unicode,0,step,78,0.159300,0.000000
unicode,0,step,79,0.179100,0.000000
unicode,0,step,80,0.245400,0.000000
unicode,0,step,81,0.209200,0.000000
unicode,0,step,82,0.190500,0.000000
unicode,0,step,83,0.163000,0.000000
unicode,0,step,84,0.182100,0.000000
unicode,0,step,85,0.270500,0.000000
unicode,0,step,86,0.215200,0.000000
unicode,0,step,87,0.194300,0.000000
unicode,0,step,88,0.164600,0.000000
unicode,0,step,89,0.187400,0.000000
unicode,0,step,90,0.204600,0.000000
unicode,0,step,91,0.209200,0.000000
unicode,0,step,92,0.195700,0.000000
unicode,0,step,93,0.162500,0.000000
unicode,0,step,94,0.180700,0.000000
unicode,0,step,95,0.225100,0.000000
unicode,0,step,96,0.245200,0.000000
unicode,0,step,97,0.195300,0.000000
unicode,0,step,98,0.163900,0.000000
unicode,0,step,99,0.181800,0.000000
unicode,0,step,100,0.206700,0.000000
unicode,0,step,101,0.223900,0.000000
unicode,0,step,102,0.245600,0.000000
unicode,0,step,103,0.184800,0.000000
unicode,0,step,104,0.194200,0.000000
unicode,0,step,105,0.204100,0.000000
unicode,0,step,106,0.209600,0.000000
unicode,0,step,107,0.193000,0.000000
unicode,0,step,108,0.162200,0.000000
unicode,0,step,109,0.214400,0.000000
unicode,0,step,110,0.203900,0.000000
unicode,0,step,111,0.212700,0.000000
unicode,0,step,112,0.237600,0.000000
unicode,0,step,113,0.164000,0.000000
unicode,0,step,114,0.212700,0.000000
unicode,0,step,115,0.204800,0.000000
unicode,0,step,116,0.213500,0.000000
unicode,0,step,117,0.191800,0.000000
unicode,0,step,118,0.158900,0.000000
unicode,0,step,119,0.194700,0.000000
unicode,0,step,120,0.205600,0.000000
unicode,0,step,121,0.211200,0.000000
unicode,0,step,122,0.195300,0.000000
unicode,0,step,123,0.160000,0.000000
unicode,0,step,124,0.194300,0.000000
unicode,0,step,125,0.203800,0.000000
unicode,0,step,126,0.218500,0.000000
unicode,0,step,127,0.193400,0.000000
unicode,0,step,128,0.194900,0.000000
unicode,0,step,129,0.192200,0.000000
unicode,0,step,130,0.190200,0.000000
unicode,0,step,131,0.172100,15.625000
unicode,0,step,132,0.174500,0.000000
unicode,0,step,133,0.201300,0.000000
unicode,0,step,134,0.224500,0.000000
unicode,0,step,135,0.193800,0.000000
unicode,0,step,136,0.169400,0.000000
unicode,0,step,137,0.171000,0.000000
unicode,0,step,138,0.205200,0.000000
unicode,0,step,139,0.302200,0.000000
unicode,0,step,140,0.202600,0.000000
unicode,0,step,141,0.178500,0.000000
unicode,0,step,142,0.169700,0.000000
unicode,0,step,143,0.208300,0.000000
unicode,0,step,144,0.260200,0.000000
unicode,0,step,145,0.198800,0.000000
unicode,0,step,146,0.163800,0.000000
unicode,0,step,147,0.170900,0.000000
unicode,0,step,148,0.241600,0.000000
unicode,0,step,149,0.206200,0.000000
unicode,0,step,150,0.196900,0.000000
unicode,0,step,151,0.163700,0.000000
unicode,0,step,152,0.174100,0.000000
unicode,0,step,153,0.204500,0.000000
unicode,0,step,154,0.211400,0.000000
unicode,0,step,155,0.194800,0.000000
unicode,0,step,156,0.164900,0.000000
unicode,0,step,157,0.169300,0.000000
unicode,0,step,158,0.205600,0.000000
unicode,0,step,159,0.207400,0.000000
unicode,0,step,160,0.227700,0.000000
unicode,0,step,161,0.163600,0.000000
unicode,0,step,162,0.171000,0.000000
unicode,0,step,163,0.207300,0.000000
unicode,0,step,164,0.210900,0.000000
unicode,0,step,165,0.197300,0.000000
unicode,0,step,166,0.162700,0.000000
unicode,0,step,167,0.170700,0.000000
unicode,0,step,168,0.209700,0.000000
unicode,0,step,169,0.209500,0.000000
unicode,0,step,170,0.198800,0.000000
unicode,0,step,171,0.161500,0.000000
unicode,0,step,172,0.172900,0.000000
unicode,0,step,173,0.208000,0.000000
unicode,0,step,174,0.227700,0.000000
unicode,0,step,175,0.197800,0.000000
unicode,0,step,176,0.208800,0.000000
unicode,0,step,177,0.171600,0.000000
unicode,0,step,178,0.205800,0.000000
unicode,0,step,179,0.210900,0.000000
unicode,0,step,180,0.196400,0.000000
unicode,0,step,181,0.161800,0.000000
unicode,0,step,182,0.171900,0.000000
unicode,0,step,183,0.206900,0.000000
unicode,0,step,184,0.209900,0.000000
unicode,0,step,185,0.198000,0.000000
unicode,0,step,186,0.162900,0.000000
unicode,0,step,187,0.169200,0.000000
unicode,0,step,188,0.210500,0.000000
unicode,0,step,189,0.208300,0.000000
unicode,0,step,190,0.196800,0.000000
unicode,0,step,191,0.164400,0.000000
unicode,0,step,192,0.204100,0.000000
unicode,0,step,193,0.207000,0.000000
unicode,0,step,194,0.208600,0.000000
unicode,0,step,195,0.196600,0.000000
unicode,0,step,196,0.164700,0.000000
unicode,0,step,197,0.171300,0.000000
unicode,0,step,198,0.208300,0.000000
unicode,0,step,199,0.202300,0.000000
unicode,0,step,200,0.203400,0.000000
unicode,0,step,201,0.161700,0.000000
unicode,0,step,202,0.171500,0.000000
unicode,0,step,203,0.220200,15.625000
unicode,0,step,204,0.205900,0.000000
unicode,0,step,205,0.199000,0.000000
unicode,0,step,206,0.161100,0.000000
unicode,0,step,207,0.169500,0.000000
unicode,0,step,208,0.241900,0.000000
unicode,0,step,209,0.204900,0.000000
unicode,0,step,210,0.200100,0.000000
unicode,0,step,211,0.163800,0.000000
unicode,0,step,212,0.171300,0.000000
unicode,0,step,213,0.206200,0.000000
unicode,0,step,214,0.202100,0.000000
unicode,0,step,215,0.201300,0.000000
unicode,0,step,216,0.163900,0.000000
unicode,0,step,217,0.170800,0.000000
unicode,0,step,218,0.236700,0.000000
unicode,0,step,219,0.209800,0.000000
unicode,0,step,220,0.207300,0.000000
unicode,0,step,221,0.172200,0.000000
unicode,0,step,222,0.170800,0.000000
unicode,0,step,223,0.209000,0.000000
unicode,0,step,224,0.270600,0.000000
unicode,0,step,225,0.232700,0.000000
unicode,0,step,226,0.168500,0.000000
unicode,0,step,227,0.176300,0.000000
unicode,0,step,228,0.211000,0.000000
unicode,0,step,229,0.202800,0.000000
unicode,0,step,230,0.205400,0.000000
unicode,0,step,231,0.162700,0.000000
unicode,0,step,232,0.177100,0.000000
unicode,0,step,233,0.209000,0.000000
unicode,0,step,234,0.205400,0.000000
unicode,0,step,235,0.201200,0.000000
unicode,0,step,236,0.170300,0.000000
unicode,0,step,237,0.172300,0.000000
unicode,0,step,238,0.259200,0.000000
unicode,0,step,239,0.443700,0.000000
unicode,0,step,240,0.310800,0.000000
unicode,0,step,241,0.164600,0.000000
unicode,0,step,242,0.177000,0.000000
unicode,0,step,243,0.283300,0.000000
unicode,0,step,244,0.311100,0.000000
unicode,0,step,245,0.201700,0.000000
unicode,0,step,246,0.163300,0.000000
unicode,0,step,247,0.180700,0.000000
unicode,0,step,248,0.211400,0.000000
unicode,0,step,249,0.209100,0.000000
unicode,0,step,250,0.215000,15.625000
unicode,0,step,251,0.167300,0.000000
unicode,0,step,252,0.173000,0.000000
unicode,0,step,253,0.254700,0.000000
unicode,0,step,254,0.218000,0.000000
unicode,0,step,255,0.252400,0.000000
unicode,0,publish,0,29.031500,0.000000
unicode,0,cancel,0,0.238400,
unicode,1,prepare,0,0.452100,
unicode,1,step,0,0.234800,0.000000
unicode,1,step,1,0.202400,0.000000
unicode,1,step,2,0.199200,0.000000
unicode,1,step,3,0.206500,0.000000
unicode,1,step,4,0.174000,0.000000
unicode,1,step,5,0.190500,0.000000
unicode,1,step,6,0.177900,0.000000
unicode,1,step,7,0.198800,0.000000
unicode,1,step,8,0.219300,0.000000
unicode,1,step,9,0.263700,0.000000
unicode,1,step,10,0.235500,0.000000
unicode,1,step,11,0.197700,0.000000
unicode,1,step,12,0.164600,0.000000
unicode,1,step,13,0.184300,0.000000
unicode,1,step,14,0.195600,0.000000
unicode,1,step,15,0.188700,0.000000
unicode,1,step,16,0.186300,0.000000
unicode,1,step,17,0.194600,0.000000
unicode,1,step,18,0.172600,0.000000
unicode,1,step,19,0.184000,0.000000
unicode,1,step,20,0.223700,0.000000
unicode,1,step,21,0.166600,0.000000
unicode,1,step,22,0.167300,0.000000
unicode,1,step,23,0.198700,0.000000
unicode,1,step,24,0.160700,0.000000
unicode,1,step,25,0.168100,0.000000
unicode,1,step,26,0.192600,0.000000
unicode,1,step,27,0.160100,0.000000
unicode,1,step,28,0.169000,0.000000
unicode,1,step,29,0.198400,0.000000
unicode,1,step,30,0.159100,0.000000
unicode,1,step,31,0.164100,0.000000
unicode,1,step,32,0.255300,0.000000
unicode,1,step,33,0.164400,0.000000
unicode,1,step,34,0.176200,0.000000
unicode,1,step,35,0.191900,0.000000
unicode,1,step,36,0.184100,0.000000
unicode,1,step,37,0.167400,0.000000
unicode,1,step,38,0.191200,0.000000
unicode,1,step,39,0.160200,0.000000
unicode,1,step,40,0.177300,0.000000
unicode,1,step,41,0.193500,0.000000
unicode,1,step,42,0.160200,0.000000
unicode,1,step,43,0.166300,0.000000
unicode,1,step,44,0.195000,0.000000
unicode,1,step,45,0.164400,0.000000
unicode,1,step,46,0.169700,0.000000
unicode,1,step,47,0.192900,0.000000
unicode,1,step,48,0.191200,0.000000
unicode,1,step,49,0.175900,0.000000
unicode,1,step,50,0.197900,0.000000
unicode,1,step,51,0.205600,0.000000
unicode,1,step,52,0.197300,0.000000
unicode,1,step,53,0.202700,0.000000
unicode,1,step,54,0.165900,0.000000
unicode,1,step,55,0.172100,0.000000
unicode,1,step,56,0.216700,15.625000
unicode,1,step,57,0.163400,0.000000
unicode,1,step,58,0.173300,0.000000
unicode,1,step,59,0.199600,0.000000
unicode,1,step,60,0.167300,0.000000
unicode,1,step,61,0.180600,0.000000
unicode,1,step,62,0.198200,0.000000
unicode,1,step,63,0.165400,0.000000
unicode,1,step,64,0.189000,0.000000
unicode,1,step,65,0.196200,0.000000
unicode,1,step,66,0.162500,0.000000
unicode,1,step,67,0.174000,0.000000
unicode,1,step,68,0.212200,0.000000
unicode,1,step,69,0.161700,0.000000
unicode,1,step,70,0.167800,0.000000
unicode,1,step,71,0.196200,0.000000
unicode,1,step,72,0.169600,0.000000
unicode,1,step,73,0.169500,0.000000
unicode,1,step,74,0.194200,0.000000
unicode,1,step,75,0.160700,0.000000
unicode,1,step,76,0.169500,0.000000
unicode,1,step,77,0.193800,0.000000
unicode,1,step,78,0.165500,0.000000
unicode,1,step,79,0.167900,0.000000
unicode,1,step,80,0.216500,0.000000
unicode,1,step,81,0.159100,0.000000
unicode,1,step,82,0.171100,0.000000
unicode,1,step,83,0.199500,0.000000
unicode,1,step,84,0.178500,0.000000
unicode,1,step,85,0.171800,0.000000
unicode,1,step,86,0.194000,0.000000
unicode,1,step,87,0.160300,0.000000
unicode,1,step,88,0.168000,0.000000
unicode,1,step,89,0.209500,0.000000
unicode,1,step,90,0.159800,0.000000
unicode,1,step,91,0.170800,0.000000
unicode,1,step,92,0.197100,0.000000
unicode,1,step,93,0.158400,0.000000
unicode,1,step,94,0.177000,0.000000
unicode,1,step,95,0.193100,0.000000
unicode,1,step,96,0.179300,0.000000
unicode,1,step,97,0.179300,0.000000
unicode,1,step,98,0.196400,0.000000
unicode,1,step,99,0.165400,0.000000
unicode,1,step,100,0.196700,0.000000
unicode,1,step,101,0.199200,0.000000
unicode,1,step,102,0.165000,0.000000
unicode,1,step,103,0.174300,0.000000
unicode,1,step,104,0.200300,0.000000
unicode,1,step,105,0.169500,0.000000
unicode,1,step,106,0.171000,0.000000
unicode,1,step,107,0.197500,0.000000
unicode,1,step,108,0.168000,0.000000
unicode,1,step,109,0.175100,0.000000
unicode,1,step,110,0.194900,0.000000
unicode,1,step,111,0.170500,0.000000
unicode,1,step,112,0.189700,0.000000
unicode,1,step,113,0.194300,0.000000
unicode,1,step,114,0.162000,0.000000
unicode,1,step,115,0.168400,0.000000
unicode,1,step,116,0.248800,0.000000
unicode,1,step,117,0.165300,0.000000
unicode,1,step,118,0.168500,0.000000
unicode,1,step,119,0.203400,0.000000
unicode,1,step,120,0.162800,0.000000
unicode,1,step,121,0.173600,0.000000
unicode,1,step,122,0.194100,0.000000
unicode,1,step,123,0.161500,0.000000
unicode,1,step,124,0.173000,0.000000
unicode,1,step,125,0.194300,0.000000
unicode,1,step,126,0.160000,0.000000
unicode,1,step,127,0.180300,0.000000
unicode,1,step,128,0.210200,0.000000
unicode,1,step,129,0.160900,0.000000
unicode,1,step,130,0.170600,0.000000
unicode,1,step,131,0.193400,0.000000
unicode,1,step,132,0.187900,0.000000
unicode,1,step,133,0.171600,0.000000
unicode,1,step,134,0.192800,0.000000
unicode,1,step,135,0.160100,0.000000
unicode,1,step,136,0.169200,0.000000
unicode,1,step,137,0.192100,0.000000
unicode,1,step,138,0.165100,0.000000
unicode,1,step,139,0.170400,0.000000
unicode,1,step,140,0.194700,0.000000
unicode,1,step,141,0.159900,0.000000
unicode,1,step,142,0.174600,0.000000
unicode,1,step,143,0.208200,15.625000
unicode,1,step,144,0.194000,0.000000
unicode,1,step,145,0.174300,0.000000
unicode,1,step,146,0.198300,0.000000
unicode,1,step,147,0.165200,0.000000
unicode,1,step,148,0.194800,0.000000
unicode,1,step,149,0.204400,0.000000
unicode,1,step,150,0.165800,0.000000
unicode,1,step,151,0.170500,0.000000
unicode,1,step,152,0.200200,0.000000
unicode,1,step,153,0.165600,0.000000
unicode,1,step,154,0.180700,0.000000
unicode,1,step,155,0.198600,0.000000
unicode,1,step,156,0.166300,0.000000
unicode,1,step,157,0.172400,0.000000
unicode,1,step,158,0.190600,0.000000
unicode,1,step,159,0.164500,0.000000
unicode,1,step,160,0.196900,0.000000
unicode,1,step,161,0.194200,0.000000
unicode,1,step,162,0.160200,0.000000
unicode,1,step,163,0.167000,0.000000
unicode,1,step,164,0.215400,0.000000
unicode,1,step,165,0.167600,0.000000
unicode,1,step,166,0.171100,0.000000
unicode,1,step,167,0.194200,0.000000
unicode,1,step,168,0.162100,0.000000
unicode,1,step,169,0.167500,0.000000
unicode,1,step,170,0.195000,0.000000
unicode,1,step,171,0.178200,0.000000
unicode,1,step,172,0.168600,0.000000
unicode,1,step,173,0.193200,0.000000
unicode,1,step,174,0.158400,0.000000
unicode,1,step,175,0.170700,0.000000
unicode,1,step,176,0.248600,0.000000
unicode,1,step,177,0.167400,0.000000
unicode,1,step,178,0.171800,0.000000
unicode,1,step,179,0.195900,0.000000
unicode,1,step,180,0.186100,0.000000
unicode,1,step,181,0.189300,0.000000
unicode,1,step,182,0.196100,0.000000
unicode,1,step,183,0.160200,0.000000
unicode,1,step,184,0.181800,0.000000
unicode,1,step,185,0.193800,0.000000
unicode,1,step,186,0.160500,0.000000
unicode,1,step,187,0.175100,0.000000
unicode,1,step,188,0.196000,0.000000
unicode,1,step,189,0.160000,0.000000
unicode,1,step,190,0.267100,0.000000
unicode,1,step,191,0.238800,0.000000
unicode,1,step,192,0.212200,0.000000
unicode,1,step,193,0.181100,0.000000
unicode,1,step,194,0.198200,0.000000
unicode,1,step,195,0.166000,0.000000
unicode,1,step,196,0.205800,0.000000
unicode,1,step,197,0.205600,0.000000
unicode,1,step,198,0.164500,0.000000
unicode,1,step,199,0.172500,0.000000
unicode,1,step,200,0.201700,0.000000
unicode,1,step,201,0.164000,0.000000
unicode,1,step,202,0.187000,0.000000
unicode,1,step,203,0.209300,0.000000
unicode,1,step,204,0.167900,0.000000
unicode,1,step,205,0.176400,0.000000
unicode,1,step,206,0.208400,0.000000
unicode,1,step,207,0.169900,0.000000
unicode,1,step,208,0.193900,0.000000
unicode,1,step,209,0.195300,0.000000
unicode,1,step,210,0.161900,0.000000
unicode,1,step,211,0.173900,0.000000
unicode,1,step,212,0.219800,0.000000
unicode,1,step,213,0.186400,0.000000
unicode,1,step,214,0.172400,0.000000
unicode,1,step,215,0.191400,0.000000
unicode,1,step,216,0.162000,0.000000
unicode,1,step,217,0.172200,0.000000
unicode,1,step,218,0.198000,0.000000
unicode,1,step,219,0.161300,0.000000
unicode,1,step,220,0.171500,0.000000
unicode,1,step,221,0.195200,0.000000
unicode,1,step,222,0.160200,0.000000
unicode,1,step,223,0.166900,0.000000
unicode,1,step,224,0.216200,0.000000
unicode,1,step,225,0.161000,0.000000
unicode,1,step,226,0.167400,0.000000
unicode,1,step,227,0.194500,0.000000
unicode,1,step,228,0.181800,0.000000
unicode,1,step,229,0.182500,15.625000
unicode,1,step,230,0.192800,0.000000
unicode,1,step,231,0.159900,0.000000
unicode,1,step,232,0.171500,0.000000
unicode,1,step,233,0.193800,0.000000
unicode,1,step,234,0.160100,0.000000
unicode,1,step,235,0.174500,0.000000
unicode,1,step,236,0.194900,0.000000
unicode,1,step,237,0.160200,0.000000
unicode,1,step,238,0.175100,0.000000
unicode,1,step,239,0.200000,0.000000
unicode,1,step,240,0.186500,0.000000
unicode,1,step,241,0.168600,0.000000
unicode,1,step,242,0.191500,0.000000
unicode,1,step,243,0.162000,0.000000
unicode,1,step,244,0.193000,0.000000
unicode,1,step,245,0.203300,0.000000
unicode,1,step,246,0.160600,0.000000
unicode,1,step,247,0.172500,0.000000
unicode,1,step,248,0.196800,0.000000
unicode,1,step,249,0.162300,0.000000
unicode,1,step,250,0.171700,0.000000
unicode,1,step,251,0.199100,0.000000
unicode,1,step,252,0.164000,0.000000
unicode,1,step,253,0.171200,0.000000
unicode,1,step,254,0.191500,0.000000
unicode,1,step,255,0.167500,0.000000
unicode,1,publish,0,62.331200,0.000000
unicode,1,cancel,0,0.197100,
unicode,2,prepare,0,0.410200,
unicode,2,step,0,0.272400,0.000000
unicode,2,step,1,0.249100,0.000000
unicode,2,step,2,0.174700,0.000000
unicode,2,step,3,0.229000,0.000000
unicode,2,step,4,0.159600,0.000000
unicode,2,step,5,0.172800,0.000000
unicode,2,step,6,0.215800,0.000000
unicode,2,step,7,0.224300,0.000000
unicode,2,step,8,0.181100,0.000000
unicode,2,step,9,0.263900,0.000000
unicode,2,step,10,0.163000,0.000000
unicode,2,step,11,0.197300,0.000000
unicode,2,step,12,0.252900,0.000000
unicode,2,step,13,0.161500,0.000000
unicode,2,step,14,0.193800,0.000000
unicode,2,step,15,0.236700,0.000000
unicode,2,step,16,0.181500,0.000000
unicode,2,step,17,0.190300,0.000000
unicode,2,step,18,0.209900,0.000000
unicode,2,step,19,0.171100,0.000000
unicode,2,step,20,0.216800,0.000000
unicode,2,step,21,0.225000,0.000000
unicode,2,step,22,0.161100,0.000000
unicode,2,step,23,0.190500,0.000000
unicode,2,step,24,0.208200,0.000000
unicode,2,step,25,0.156500,0.000000
unicode,2,step,26,0.194800,0.000000
unicode,2,step,27,0.208500,0.000000
unicode,2,step,28,0.161200,0.000000
unicode,2,step,29,0.188700,0.000000
unicode,2,step,30,0.210100,0.000000
unicode,2,step,31,0.164500,0.000000
unicode,2,step,32,0.230200,0.000000
unicode,2,step,33,0.244100,0.000000
unicode,2,step,34,0.183300,0.000000
unicode,2,step,35,0.303700,0.000000
unicode,2,step,36,0.296700,0.000000
unicode,2,step,37,0.163600,0.000000
unicode,2,step,38,0.204400,0.000000
unicode,2,step,39,0.215100,0.000000
unicode,2,step,40,0.170200,0.000000
unicode,2,step,41,0.189900,0.000000
unicode,2,step,42,0.219600,0.000000
unicode,2,step,43,0.163900,0.000000
unicode,2,step,44,0.194800,0.000000
unicode,2,step,45,0.221700,0.000000
unicode,2,step,46,0.166600,0.000000
unicode,2,step,47,0.195000,0.000000
unicode,2,step,48,0.248000,0.000000
unicode,2,step,49,0.166800,0.000000
unicode,2,step,50,0.231100,15.625000
unicode,2,step,51,0.225300,0.000000
unicode,2,step,52,0.184000,0.000000
unicode,2,step,53,0.174800,0.000000
unicode,2,step,54,0.218100,0.000000
unicode,2,step,55,0.166200,0.000000
unicode,2,step,56,0.177700,0.000000
unicode,2,step,57,0.214900,0.000000
unicode,2,step,58,0.166700,0.000000
unicode,2,step,59,0.175500,0.000000
unicode,2,step,60,0.217000,0.000000
unicode,2,step,61,0.170600,0.000000
unicode,2,step,62,0.179300,0.000000
unicode,2,step,63,0.218500,0.000000
unicode,2,step,64,0.179600,0.000000
unicode,2,step,65,0.175900,0.000000
unicode,2,step,66,0.220300,0.000000
unicode,2,step,67,0.165800,0.000000
unicode,2,step,68,0.198400,0.000000
unicode,2,step,69,0.212600,0.000000
unicode,2,step,70,0.165000,0.000000
unicode,2,step,71,0.181800,0.000000
unicode,2,step,72,0.217400,0.000000
unicode,2,step,73,0.161700,0.000000
unicode,2,step,74,0.176300,0.000000
unicode,2,step,75,0.213500,0.000000
unicode,2,step,76,0.168600,0.000000
unicode,2,step,77,0.178100,0.000000
unicode,2,step,78,0.213700,0.000000
unicode,2,step,79,0.166200,0.000000
unicode,2,step,80,0.199800,0.000000
unicode,2,step,81,0.230700,0.000000
unicode,2,step,82,0.162200,0.000000
unicode,2,step,83,0.178100,0.000000
unicode,2,step,84,0.231200,0.000000
unicode,2,step,85,0.160500,0.000000
unicode,2,step,86,0.176000,0.000000
unicode,2,step,87,0.219100,0.000000
unicode,2,step,88,0.164900,0.000000
unicode,2,step,89,0.174400,0.000000
unicode,2,step,90,0.221600,0.000000
unicode,2,step,91,0.161800,0.000000
unicode,2,step,92,0.197800,0.000000
unicode,2,step,93,0.218800,0.000000
unicode,2,step,94,0.161200,0.000000
unicode,2,step,95,0.193400,0.000000
unicode,2,step,96,0.230600,0.000000
unicode,2,step,97,0.166000,0.000000
unicode,2,step,98,0.190900,0.000000
unicode,2,step,99,0.215500,0.000000
unicode,2,step,100,0.179200,0.000000
unicode,2,step,101,0.191200,0.000000
unicode,2,step,102,0.217700,0.000000
unicode,2,step,103,0.160700,0.000000
unicode,2,step,104,0.192000,0.000000
unicode,2,step,105,0.215500,0.000000
unicode,2,step,106,0.162100,0.000000
unicode,2,step,107,0.199300,0.000000
unicode,2,step,108,0.214200,0.000000
unicode,2,step,109,0.165300,0.000000
unicode,2,step,110,0.190200,0.000000
unicode,2,step,111,0.214000,0.000000
unicode,2,step,112,0.194600,0.000000
unicode,2,step,113,0.196000,0.000000
unicode,2,step,114,0.213600,0.000000
unicode,2,step,115,0.166700,0.000000
unicode,2,step,116,0.210100,0.000000
unicode,2,step,117,0.257100,0.000000
unicode,2,step,118,0.164900,0.000000
unicode,2,step,119,0.194600,0.000000
unicode,2,step,120,0.220000,0.000000
unicode,2,step,121,0.161800,0.000000
unicode,2,step,122,0.198100,0.000000
unicode,2,step,123,0.226900,0.000000
unicode,2,step,124,0.167800,0.000000
unicode,2,step,125,0.190300,0.000000
unicode,2,step,126,0.216100,0.000000
unicode,2,step,127,0.166200,0.000000
unicode,2,step,128,0.221200,0.000000
unicode,2,step,129,0.216200,0.000000
unicode,2,step,130,0.160500,0.000000
unicode,2,step,131,0.193600,0.000000
unicode,2,step,132,0.294500,15.625000
unicode,2,step,133,0.173500,0.000000
unicode,2,step,134,0.183100,0.000000
unicode,2,step,135,0.221200,0.000000
unicode,2,step,136,0.164800,0.000000
unicode,2,step,137,0.185400,0.000000
unicode,2,step,138,0.217600,0.000000
unicode,2,step,139,0.162000,0.000000
unicode,2,step,140,0.179000,0.000000
unicode,2,step,141,0.217400,0.000000
unicode,2,step,142,0.167600,0.000000
unicode,2,step,143,0.176100,0.000000
unicode,2,step,144,0.242600,0.000000
unicode,2,step,145,0.160200,0.000000
unicode,2,step,146,0.179700,0.000000
unicode,2,step,147,0.222300,0.000000
unicode,2,step,148,0.186100,0.000000
unicode,2,step,149,0.179100,0.000000
unicode,2,step,150,0.216200,0.000000
unicode,2,step,151,0.164000,0.000000
unicode,2,step,152,0.179100,0.000000
unicode,2,step,153,0.219900,0.000000
unicode,2,step,154,0.161000,0.000000
unicode,2,step,155,0.176000,0.000000
unicode,2,step,156,0.217800,0.000000
unicode,2,step,157,0.160800,0.000000
unicode,2,step,158,0.194400,0.000000
unicode,2,step,159,0.226200,0.000000
unicode,2,step,160,0.178200,0.000000
unicode,2,step,161,0.176800,0.000000
unicode,2,step,162,0.217300,0.000000
unicode,2,step,163,0.167100,0.000000
unicode,2,step,164,0.200600,0.000000
unicode,2,step,165,0.216900,0.000000
unicode,2,step,166,0.160300,0.000000
unicode,2,step,167,0.178900,0.000000
unicode,2,step,168,0.250000,0.000000
unicode,2,step,169,0.171800,0.000000
unicode,2,step,170,0.188300,0.000000
unicode,2,step,171,0.220800,0.000000
unicode,2,step,172,0.167300,0.000000
unicode,2,step,173,0.188600,0.000000
unicode,2,step,174,0.217100,0.000000
unicode,2,step,175,0.163100,0.000000
unicode,2,step,176,0.205000,0.000000
unicode,2,step,177,0.230200,0.000000
unicode,2,step,178,0.174300,0.000000
unicode,2,step,179,0.183400,0.000000
unicode,2,step,180,0.243700,0.000000
unicode,2,step,181,0.163600,0.000000
unicode,2,step,182,0.176000,0.000000
unicode,2,step,183,0.222300,0.000000
unicode,2,step,184,0.168000,0.000000
unicode,2,step,185,0.176600,0.000000
unicode,2,step,186,0.215600,0.000000
unicode,2,step,187,0.163100,0.000000
unicode,2,step,188,0.178700,0.000000
unicode,2,step,189,0.230300,0.000000
unicode,2,step,190,0.163200,0.000000
unicode,2,step,191,0.177600,0.000000
unicode,2,step,192,0.245400,0.000000
unicode,2,step,193,0.165500,0.000000
unicode,2,step,194,0.181200,0.000000
unicode,2,step,195,0.222400,0.000000
unicode,2,step,196,0.196300,0.000000
unicode,2,step,197,0.183200,0.000000
unicode,2,step,198,0.218000,0.000000
unicode,2,step,199,0.165300,0.000000
unicode,2,step,200,0.176000,0.000000
unicode,2,step,201,0.176800,0.000000
unicode,2,step,202,0.221000,0.000000
unicode,2,step,203,0.165300,0.000000
unicode,2,step,204,0.237300,0.000000
unicode,2,step,205,0.228600,0.000000
unicode,2,step,206,0.170900,0.000000
unicode,2,step,207,0.193500,15.625000
unicode,2,step,208,0.270600,0.000000
unicode,2,step,209,0.175300,0.000000
unicode,2,step,210,0.174700,0.000000
unicode,2,step,211,0.224700,0.000000
unicode,2,step,212,0.194100,0.000000
unicode,2,step,213,0.179400,0.000000
unicode,2,step,214,0.237900,0.000000
unicode,2,step,215,0.167300,0.000000
unicode,2,step,216,0.166400,0.000000
unicode,2,step,217,0.163300,0.000000
unicode,2,step,218,0.175800,0.000000
unicode,2,step,219,0.242600,0.000000
unicode,2,step,220,0.165000,0.000000
unicode,2,step,221,0.176900,0.000000
unicode,2,step,222,0.226000,0.000000
unicode,2,step,223,0.161100,0.000000
unicode,2,step,224,0.204400,0.000000
unicode,2,step,225,0.269300,0.000000
unicode,2,step,226,0.161500,0.000000
unicode,2,step,227,0.175400,0.000000
unicode,2,step,228,0.320000,0.000000
unicode,2,step,229,0.171900,0.000000
unicode,2,step,230,0.170100,0.000000
unicode,2,step,231,0.226700,0.000000
unicode,2,step,232,0.162700,0.000000
unicode,2,step,233,0.163100,0.000000
unicode,2,step,234,0.180000,0.000000
unicode,2,step,235,0.170900,0.000000
unicode,2,step,236,0.222400,0.000000
unicode,2,step,237,0.160400,0.000000
unicode,2,step,238,0.172500,0.000000
unicode,2,step,239,0.236000,0.000000
unicode,2,step,240,0.183100,0.000000
unicode,2,step,241,0.173500,0.000000
unicode,2,step,242,0.251400,0.000000
unicode,2,step,243,0.157500,0.000000
unicode,2,step,244,0.202600,0.000000
unicode,2,step,245,0.239500,0.000000
unicode,2,step,246,0.157400,0.000000
unicode,2,step,247,0.193500,0.000000
unicode,2,step,248,0.283300,0.000000
unicode,2,step,249,0.167900,0.000000
unicode,2,step,250,0.158900,0.000000
unicode,2,step,251,0.156900,0.000000
unicode,2,step,252,0.170300,0.000000
unicode,2,step,253,0.230700,0.000000
unicode,2,step,254,0.203200,0.000000
unicode,2,step,255,0.179100,0.000000
unicode,2,publish,0,59.479900,0.000000
unicode,2,cancel,0,0.184600,
invalid,0,prepare,0,0.510800,
invalid,0,step,0,0.378900,0.000000
invalid,0,step,1,0.244700,0.000000
invalid,0,step,2,0.196100,0.000000
invalid,0,step,3,0.220200,0.000000
invalid,0,step,4,0.254200,0.000000
invalid,0,step,5,0.183000,0.000000
invalid,0,step,6,0.199200,0.000000
invalid,0,step,7,0.242400,0.000000
invalid,0,step,8,0.198700,0.000000
invalid,0,step,9,0.201400,0.000000
invalid,0,step,10,0.255400,0.000000
invalid,0,step,11,0.182000,0.000000
invalid,0,step,12,0.179900,0.000000
invalid,0,step,13,0.188200,0.000000
invalid,0,step,14,0.184600,0.000000
invalid,0,step,15,0.246800,0.000000
invalid,0,step,16,0.207300,0.000000
invalid,0,step,17,0.177200,0.000000
invalid,0,step,18,0.188800,0.000000
invalid,0,step,19,0.207700,0.000000
invalid,0,step,20,0.211900,0.000000
invalid,0,step,21,0.246400,0.000000
invalid,0,step,22,0.198600,0.000000
invalid,0,step,23,0.194900,15.625000
invalid,0,step,24,0.187000,0.000000
invalid,0,step,25,0.188600,0.000000
invalid,0,step,26,0.215100,0.000000
invalid,0,step,27,0.185200,0.000000
invalid,0,step,28,0.216900,0.000000
invalid,0,step,29,0.239600,0.000000
invalid,0,step,30,0.199400,0.000000
invalid,0,step,31,0.196400,0.000000
invalid,0,step,32,0.254600,0.000000
invalid,0,step,33,0.206900,0.000000
invalid,0,step,34,0.188300,0.000000
invalid,0,step,35,0.178100,0.000000
invalid,0,step,36,0.267600,0.000000
invalid,0,step,37,0.228600,0.000000
invalid,0,step,38,0.185600,0.000000
invalid,0,step,39,0.213100,0.000000
invalid,0,step,40,0.220500,0.000000
invalid,0,step,41,0.178500,0.000000
invalid,0,step,42,0.221800,0.000000
invalid,0,step,43,0.235600,0.000000
invalid,0,step,44,0.183900,0.000000
invalid,0,step,45,0.188200,0.000000
invalid,0,step,46,0.185300,0.000000
invalid,0,step,47,0.178400,0.000000
invalid,0,step,48,0.235100,0.000000
invalid,0,step,49,0.250800,0.000000
invalid,0,step,50,0.173400,0.000000
invalid,0,step,51,0.189300,0.000000
invalid,0,step,52,0.261900,0.000000
invalid,0,step,53,0.195100,0.000000
invalid,0,step,54,0.231500,0.000000
invalid,0,step,55,0.183000,0.000000
invalid,0,step,56,0.224600,0.000000
invalid,0,step,57,0.239300,0.000000
invalid,0,step,58,0.194200,0.000000
invalid,0,step,59,0.197000,0.000000
invalid,0,step,60,0.242000,0.000000
invalid,0,step,61,0.195100,0.000000
invalid,0,step,62,0.183300,0.000000
invalid,0,step,63,0.185800,0.000000
invalid,0,step,64,0.221400,0.000000
invalid,0,step,65,0.219400,0.000000
invalid,0,step,66,0.248400,0.000000
invalid,0,step,67,0.214300,0.000000
invalid,0,step,68,0.278000,0.000000
invalid,0,step,69,0.196100,0.000000
invalid,0,step,70,0.195300,0.000000
invalid,0,step,71,0.222400,0.000000
invalid,0,step,72,0.190300,0.000000
invalid,0,step,73,0.181100,0.000000
invalid,0,step,74,0.181400,0.000000
invalid,0,step,75,0.207300,0.000000
invalid,0,step,76,0.221200,0.000000
invalid,0,step,77,0.258200,0.000000
invalid,0,step,78,0.180800,0.000000
invalid,0,step,79,0.184800,0.000000
invalid,0,step,80,0.216700,0.000000
invalid,0,step,81,0.204900,0.000000
invalid,0,step,82,0.238300,0.000000
invalid,0,step,83,0.177800,0.000000
invalid,0,step,84,0.227300,0.000000
invalid,0,step,85,0.212400,0.000000
invalid,0,step,86,0.182000,0.000000
invalid,0,step,87,0.198400,0.000000
invalid,0,step,88,0.232100,0.000000
invalid,0,step,89,0.178900,0.000000
invalid,0,step,90,0.194000,0.000000
invalid,0,step,91,0.176000,0.000000
invalid,0,step,92,0.182500,0.000000
invalid,0,step,93,0.199700,0.000000
invalid,0,step,94,0.270200,0.000000
invalid,0,step,95,0.178300,0.000000
invalid,0,step,96,0.218300,0.000000
invalid,0,step,97,0.182400,0.000000
invalid,0,step,98,0.198200,0.000000
invalid,0,step,99,0.262900,15.625000
invalid,0,step,100,0.203600,0.000000
invalid,0,step,101,0.215600,0.000000
invalid,0,step,102,0.222200,0.000000
invalid,0,step,103,0.188000,0.000000
invalid,0,step,104,0.195100,0.000000
invalid,0,step,105,0.219300,0.000000
invalid,0,step,106,0.217900,0.000000
invalid,0,step,107,0.190700,0.000000
invalid,0,step,108,0.204900,0.000000
invalid,0,step,109,0.183900,0.000000
invalid,0,step,110,0.191700,0.000000
invalid,0,step,111,0.256600,0.000000
invalid,0,step,112,0.216600,0.000000
invalid,0,step,113,0.184200,0.000000
invalid,0,step,114,0.180700,0.000000
invalid,0,step,115,0.184400,0.000000
invalid,0,step,116,0.259200,0.000000
invalid,0,step,117,0.195700,0.000000
invalid,0,step,118,0.203800,0.000000
invalid,0,step,119,0.227600,0.000000
invalid,0,step,120,0.198500,0.000000
invalid,0,step,121,0.197500,0.000000
invalid,0,step,122,0.350300,0.000000
invalid,0,step,123,0.209300,0.000000
invalid,0,step,124,0.182200,0.000000
invalid,0,step,125,0.200000,0.000000
invalid,0,step,126,0.180700,0.000000
invalid,0,step,127,0.209700,15.625000
invalid,0,step,128,0.268700,0.000000
invalid,0,step,129,0.191100,0.000000
invalid,0,step,130,0.218800,0.000000
invalid,0,step,131,0.194900,0.000000
invalid,0,step,132,0.234700,0.000000
invalid,0,step,133,0.219000,0.000000
invalid,0,step,134,0.182100,0.000000
invalid,0,step,135,0.180700,0.000000
invalid,0,step,136,0.185900,0.000000
invalid,0,step,137,0.179400,0.000000
invalid,0,step,138,0.195600,0.000000
invalid,0,step,139,0.262900,0.000000
invalid,0,step,140,0.202300,0.000000
invalid,0,step,141,0.215400,0.000000
invalid,0,step,142,0.206300,0.000000
invalid,0,step,143,0.192900,0.000000
invalid,0,step,144,0.270100,0.000000
invalid,0,step,145,0.180100,0.000000
invalid,0,step,146,0.207500,0.000000
invalid,0,step,147,0.240900,0.000000
invalid,0,step,148,0.204800,0.000000
invalid,0,step,149,0.193100,0.000000
invalid,0,step,150,0.217600,0.000000
invalid,0,step,151,0.182300,0.000000
invalid,0,step,152,0.182500,0.000000
invalid,0,step,153,0.187800,0.000000
invalid,0,step,154,0.180700,0.000000
invalid,0,step,155,0.190800,0.000000
invalid,0,step,156,0.237800,0.000000
invalid,0,step,157,0.174100,0.000000
invalid,0,step,158,0.174200,0.000000
invalid,0,step,159,0.181100,0.000000
invalid,0,step,160,0.202000,0.000000
invalid,0,step,161,0.230700,0.000000
invalid,0,step,162,0.184000,0.000000
invalid,0,step,163,0.200800,0.000000
invalid,0,step,164,0.259300,0.000000
invalid,0,step,165,0.192800,0.000000
invalid,0,step,166,0.190700,0.000000
invalid,0,step,167,0.238700,0.000000
invalid,0,step,168,0.175800,0.000000
invalid,0,step,169,0.184300,0.000000
invalid,0,step,170,0.220200,0.000000
invalid,0,step,171,0.192400,0.000000
invalid,0,step,172,0.198100,0.000000
invalid,0,step,173,0.265100,0.000000
invalid,0,step,174,0.178600,0.000000
invalid,0,step,175,0.215400,0.000000
invalid,0,step,176,0.218700,0.000000
invalid,0,step,177,0.187800,0.000000
invalid,0,step,178,0.232500,0.000000
invalid,0,step,179,0.185000,0.000000
invalid,0,step,180,0.238500,0.000000
invalid,0,step,181,0.229200,0.000000
invalid,0,step,182,0.183200,0.000000
invalid,0,step,183,0.192200,0.000000
invalid,0,step,184,0.246900,0.000000
invalid,0,step,185,0.193700,0.000000
invalid,0,step,186,0.197100,0.000000
invalid,0,step,187,0.179500,0.000000
invalid,0,step,188,0.182600,0.000000
invalid,0,step,189,0.191100,0.000000
invalid,0,step,190,0.256100,0.000000
invalid,0,step,191,0.180200,0.000000
invalid,0,step,192,0.191300,0.000000
invalid,0,step,193,0.176400,0.000000
invalid,0,step,194,0.194100,0.000000
invalid,0,step,195,0.238100,0.000000
invalid,0,step,196,0.197000,0.000000
invalid,0,step,197,0.201600,0.000000
invalid,0,step,198,0.230300,0.000000
invalid,0,step,199,0.202000,0.000000
invalid,0,step,200,0.216500,0.000000
invalid,0,step,201,0.231800,0.000000
invalid,0,step,202,0.183100,0.000000
invalid,0,step,203,0.186100,0.000000
invalid,0,step,204,0.197600,15.625000
invalid,0,step,205,0.185500,0.000000
invalid,0,step,206,0.186500,0.000000
invalid,0,step,207,0.277200,0.000000
invalid,0,step,208,0.216500,0.000000
invalid,0,step,209,0.184900,0.000000
invalid,0,step,210,0.180800,0.000000
invalid,0,step,211,0.189900,0.000000
invalid,0,step,212,0.295700,0.000000
invalid,0,step,213,0.189500,0.000000
invalid,0,step,214,0.213700,0.000000
invalid,0,step,215,0.274600,0.000000
invalid,0,step,216,0.188200,0.000000
invalid,0,step,217,0.197500,0.000000
invalid,0,step,218,0.263100,0.000000
invalid,0,step,219,0.180900,0.000000
invalid,0,step,220,0.202500,0.000000
invalid,0,step,221,0.193600,0.000000
invalid,0,step,222,0.181200,0.000000
invalid,0,step,223,0.203600,0.000000
invalid,0,step,224,0.345100,0.000000
invalid,0,step,225,0.176600,0.000000
invalid,0,step,226,0.178500,0.000000
invalid,0,step,227,0.185200,0.000000
invalid,0,step,228,0.209900,0.000000
invalid,0,step,229,0.258000,0.000000
invalid,0,step,230,0.177600,0.000000
invalid,0,step,231,0.209600,0.000000
invalid,0,step,232,0.292700,0.000000
invalid,0,step,233,0.177300,0.000000
invalid,0,step,234,0.182300,0.000000
invalid,0,step,235,0.247500,0.000000
invalid,0,step,236,0.183300,0.000000
invalid,0,step,237,0.182700,0.000000
invalid,0,step,238,0.201600,0.000000
invalid,0,step,239,0.180000,0.000000
invalid,0,step,240,0.217800,0.000000
invalid,0,step,241,0.238200,0.000000
invalid,0,step,242,0.191800,0.000000
invalid,0,step,243,0.209700,0.000000
invalid,0,step,244,0.243500,0.000000
invalid,0,step,245,0.197700,0.000000
invalid,0,step,246,0.227700,0.000000
invalid,0,step,247,0.184300,0.000000
invalid,0,step,248,0.204500,0.000000
invalid,0,step,249,0.238800,0.000000
invalid,0,step,250,0.193500,0.000000
invalid,0,step,251,0.204600,0.000000
invalid,0,step,252,0.235200,0.000000
invalid,0,step,253,0.233700,0.000000
invalid,0,step,254,0.268600,0.000000
invalid,0,step,255,0.247000,0.000000
invalid,0,publish,0,30.959100,15.625000
invalid,0,cancel,0,0.211700,
invalid,1,prepare,0,0.420800,
invalid,1,step,0,0.243100,0.000000
invalid,1,step,1,0.251900,0.000000
invalid,1,step,2,0.240100,0.000000
invalid,1,step,3,0.199700,0.000000
invalid,1,step,4,0.195700,0.000000
invalid,1,step,5,0.187700,0.000000
invalid,1,step,6,0.213000,0.000000
invalid,1,step,7,0.190800,0.000000
invalid,1,step,8,0.189200,0.000000
invalid,1,step,9,0.222200,0.000000
invalid,1,step,10,0.192000,0.000000
invalid,1,step,11,0.181900,0.000000
invalid,1,step,12,0.224600,0.000000
invalid,1,step,13,0.185500,0.000000
invalid,1,step,14,0.184200,0.000000
invalid,1,step,15,0.195100,0.000000
invalid,1,step,16,0.194900,0.000000
invalid,1,step,17,0.181200,0.000000
invalid,1,step,18,0.231000,0.000000
invalid,1,step,19,0.195100,0.000000
invalid,1,step,20,0.210800,0.000000
invalid,1,step,21,0.183100,0.000000
invalid,1,step,22,0.185300,0.000000
invalid,1,step,23,0.204800,0.000000
invalid,1,step,24,0.176700,0.000000
invalid,1,step,25,0.202700,0.000000
invalid,1,step,26,0.235000,0.000000
invalid,1,step,27,0.176300,0.000000
invalid,1,step,28,0.181500,0.000000
invalid,1,step,29,0.229500,0.000000
invalid,1,step,30,0.176200,0.000000
invalid,1,step,31,0.176000,0.000000
invalid,1,step,32,0.220600,0.000000
invalid,1,step,33,0.189100,0.000000
invalid,1,step,34,0.189800,0.000000
invalid,1,step,35,0.243700,0.000000
invalid,1,step,36,0.200600,0.000000
invalid,1,step,37,0.182000,0.000000
invalid,1,step,38,0.180700,0.000000
invalid,1,step,39,0.189800,0.000000
invalid,1,step,40,0.222600,0.000000
invalid,1,step,41,0.184600,0.000000
invalid,1,step,42,0.206300,0.000000
invalid,1,step,43,0.217000,0.000000
invalid,1,step,44,0.189800,0.000000
invalid,1,step,45,0.209300,0.000000
invalid,1,step,46,0.218200,0.000000
invalid,1,step,47,0.181400,0.000000
invalid,1,step,48,0.210200,0.000000
invalid,1,step,49,0.180200,0.000000
invalid,1,step,50,0.222500,0.000000
invalid,1,step,51,0.196900,0.000000
invalid,1,step,52,0.260100,0.000000
invalid,1,step,53,0.181500,0.000000
invalid,1,step,54,0.180200,0.000000
invalid,1,step,55,0.186200,0.000000
invalid,1,step,56,0.192000,0.000000
invalid,1,step,57,0.215700,0.000000
invalid,1,step,58,0.181900,0.000000
invalid,1,step,59,0.201300,0.000000
invalid,1,step,60,0.224100,0.000000
invalid,1,step,61,0.182900,0.000000
invalid,1,step,62,0.188600,0.000000
invalid,1,step,63,0.260000,15.625000
invalid,1,step,64,0.212700,0.000000
invalid,1,step,65,0.182700,0.000000
invalid,1,step,66,0.178000,0.000000
invalid,1,step,67,0.179000,0.000000
invalid,1,step,68,0.218900,0.000000
invalid,1,step,69,0.256500,0.000000
invalid,1,step,70,0.179700,0.000000
invalid,1,step,71,0.176200,0.000000
invalid,1,step,72,0.190200,0.000000
invalid,1,step,73,0.197200,0.000000
invalid,1,step,74,0.231000,0.000000
invalid,1,step,75,0.178000,0.000000
invalid,1,step,76,0.201500,0.000000
invalid,1,step,77,0.235500,0.000000
invalid,1,step,78,0.181600,0.000000
invalid,1,step,79,0.192800,0.000000
invalid,1,step,80,0.255400,0.000000
invalid,1,step,81,0.181600,0.000000
invalid,1,step,82,0.178400,0.000000
invalid,1,step,83,0.177200,0.000000
invalid,1,step,84,0.216400,0.000000
invalid,1,step,85,0.207100,0.000000
invalid,1,step,86,0.249200,0.000000
invalid,1,step,87,0.181000,0.000000
invalid,1,step,88,0.196200,0.000000
invalid,1,step,89,0.197100,0.000000
invalid,1,step,90,0.199200,0.000000
invalid,1,step,91,0.212400,0.000000
invalid,1,step,92,0.193800,0.000000
invalid,1,step,93,0.202900,0.000000
invalid,1,step,94,0.242900,0.000000
invalid,1,step,95,0.187900,0.000000
invalid,1,step,96,0.220300,0.000000
invalid,1,step,97,0.229600,0.000000
invalid,1,step,98,0.195700,0.000000
invalid,1,step,99,0.181400,0.000000
invalid,1,step,100,0.213900,0.000000
invalid,1,step,101,0.192300,0.000000
invalid,1,step,102,0.194800,0.000000
invalid,1,step,103,0.243200,0.000000
invalid,1,step,104,0.190200,0.000000
invalid,1,step,105,0.176300,0.000000
invalid,1,step,106,0.177900,0.000000
invalid,1,step,107,0.203600,0.000000
invalid,1,step,108,0.223700,0.000000
invalid,1,step,109,0.190900,0.000000
invalid,1,step,110,0.181100,0.000000
invalid,1,step,111,0.197300,0.000000
invalid,1,step,112,0.222300,0.000000
invalid,1,step,113,0.208600,0.000000
invalid,1,step,114,0.249800,0.000000
invalid,1,step,115,0.177100,0.000000
invalid,1,step,116,0.219200,0.000000
invalid,1,step,117,0.200000,0.000000
invalid,1,step,118,0.212800,0.000000
invalid,1,step,119,0.238000,0.000000
invalid,1,step,120,0.196400,0.000000
invalid,1,step,121,0.187400,0.000000
invalid,1,step,122,0.193000,0.000000
invalid,1,step,123,0.216400,0.000000
invalid,1,step,124,0.205300,0.000000
invalid,1,step,125,0.260400,0.000000
invalid,1,step,126,0.186200,0.000000
invalid,1,step,127,0.185800,0.000000
invalid,1,step,128,0.205900,0.000000
invalid,1,step,129,0.211700,0.000000
invalid,1,step,130,0.233600,0.000000
invalid,1,step,131,0.186300,0.000000
invalid,1,step,132,0.217600,0.000000
invalid,1,step,133,0.203400,0.000000
invalid,1,step,134,0.182200,0.000000
invalid,1,step,135,0.186500,0.000000
invalid,1,step,136,0.254900,0.000000
invalid,1,step,137,0.192800,0.000000
invalid,1,step,138,0.188500,0.000000
invalid,1,step,139,0.182500,0.000000
invalid,1,step,140,0.193500,0.000000
invalid,1,step,141,0.248300,15.625000
invalid,1,step,142,0.184700,0.000000
invalid,1,step,143,0.178500,0.000000
invalid,1,step,144,0.207400,0.000000
invalid,1,step,145,0.180800,0.000000
invalid,1,step,146,0.207500,0.000000
invalid,1,step,147,0.257000,0.000000
invalid,1,step,148,0.215500,0.000000
invalid,1,step,149,0.179400,0.000000
invalid,1,step,150,0.182500,0.000000
invalid,1,step,151,0.207400,0.000000
invalid,1,step,152,0.239100,0.000000
invalid,1,step,153,0.181800,0.000000
invalid,1,step,154,0.181500,0.000000
invalid,1,step,155,0.199900,0.000000
invalid,1,step,156,0.209500,0.000000
invalid,1,step,157,0.191500,0.000000
invalid,1,step,158,0.255300,0.000000
invalid,1,step,159,0.181900,0.000000
invalid,1,step,160,0.215400,0.000000
invalid,1,step,161,0.189700,0.000000
invalid,1,step,162,0.210800,0.000000
invalid,1,step,163,0.234400,0.000000
invalid,1,step,164,0.211800,0.000000
invalid,1,step,165,0.191000,0.000000
invalid,1,step,166,0.191900,0.000000
invalid,1,step,167,0.192900,0.000000
invalid,1,step,168,0.192000,0.000000
invalid,1,step,169,0.255800,0.000000
invalid,1,step,170,0.194400,0.000000
invalid,1,step,171,0.182500,0.000000
invalid,1,step,172,0.182300,0.000000
invalid,1,step,173,0.207500,0.000000
invalid,1,step,174,0.213200,0.000000
invalid,1,step,175,0.195300,0.000000
invalid,1,step,176,0.231700,0.000000
invalid,1,step,177,0.177900,0.000000
invalid,1,step,178,0.181600,0.000000
invalid,1,step,179,0.194800,0.000000
invalid,1,step,180,0.284000,0.000000
invalid,1,step,181,0.181900,0.000000
invalid,1,step,182,0.181500,0.000000
invalid,1,step,183,0.185900,0.000000
invalid,1,step,184,0.211900,0.000000
invalid,1,step,185,0.235500,0.000000
invalid,1,step,186,0.187700,0.000000
invalid,1,step,187,0.185100,0.000000
invalid,1,step,188,0.184200,0.000000
invalid,1,step,189,0.182100,0.000000
invalid,1,step,190,0.207700,0.000000
invalid,1,step,191,0.253400,0.000000
invalid,1,step,192,0.196900,0.000000
invalid,1,step,193,0.189400,0.000000
invalid,1,step,194,0.183600,0.000000
invalid,1,step,195,0.207500,0.000000
invalid,1,step,196,0.248200,0.000000
invalid,1,step,197,0.181200,0.000000
invalid,1,step,198,0.181800,0.000000
invalid,1,step,199,0.187400,0.000000
invalid,1,step,200,0.197000,0.000000
invalid,1,step,201,0.206900,0.000000
invalid,1,step,202,0.253000,0.000000
invalid,1,step,203,0.187800,0.000000
invalid,1,step,204,0.178700,0.000000
invalid,1,step,205,0.183600,0.000000
invalid,1,step,206,0.189400,0.000000
invalid,1,step,207,0.244700,0.000000
invalid,1,step,208,0.200800,0.000000
invalid,1,step,209,0.188500,0.000000
invalid,1,step,210,0.186800,0.000000
invalid,1,step,211,0.192900,0.000000
invalid,1,step,212,0.221800,0.000000
invalid,1,step,213,0.335800,0.000000
invalid,1,step,214,0.197700,0.000000
invalid,1,step,215,0.183000,0.000000
invalid,1,step,216,0.195300,0.000000
invalid,1,step,217,0.196000,0.000000
invalid,1,step,218,0.265700,0.000000
invalid,1,step,219,0.201300,0.000000
invalid,1,step,220,0.201800,0.000000
invalid,1,step,221,0.202500,0.000000
invalid,1,step,222,0.184000,0.000000
invalid,1,step,223,0.190000,0.000000
invalid,1,step,224,0.318500,0.000000
invalid,1,step,225,0.186200,0.000000
invalid,1,step,226,0.178900,0.000000
invalid,1,step,227,0.179800,0.000000
invalid,1,step,228,0.226700,0.000000
invalid,1,step,229,0.262800,0.000000
invalid,1,step,230,0.177600,0.000000
invalid,1,step,231,0.181000,0.000000
invalid,1,step,232,0.193300,0.000000
invalid,1,step,233,0.208600,0.000000
invalid,1,step,234,0.197500,0.000000
invalid,1,step,235,0.310600,0.000000
invalid,1,step,236,0.184000,0.000000
invalid,1,step,237,0.194400,0.000000
invalid,1,step,238,0.191500,0.000000
invalid,1,step,239,0.205300,0.000000
invalid,1,step,240,0.280400,0.000000
invalid,1,step,241,0.184700,0.000000
invalid,1,step,242,0.194400,0.000000
invalid,1,step,243,0.239700,0.000000
invalid,1,step,244,0.233500,0.000000
invalid,1,step,245,0.216900,0.000000
invalid,1,step,246,0.263200,0.000000
invalid,1,step,247,0.221700,0.000000
invalid,1,step,248,0.183800,0.000000
invalid,1,step,249,0.195600,0.000000
invalid,1,step,250,0.236100,0.000000
invalid,1,step,251,0.263500,0.000000
invalid,1,step,252,0.229700,15.625000
invalid,1,step,253,0.195000,0.000000
invalid,1,step,254,0.178200,0.000000
invalid,1,step,255,0.177800,0.000000
invalid,1,publish,0,57.857700,0.000000
invalid,1,cancel,0,0.270200,
invalid,2,prepare,0,0.456500,
invalid,2,step,0,0.253900,0.000000
invalid,2,step,1,0.263700,0.000000
invalid,2,step,2,0.186500,0.000000
invalid,2,step,3,0.232900,0.000000
invalid,2,step,4,0.196800,0.000000
invalid,2,step,5,0.181100,0.000000
invalid,2,step,6,0.195400,0.000000
invalid,2,step,7,0.273000,0.000000
invalid,2,step,8,0.186100,0.000000
invalid,2,step,9,0.196300,0.000000
invalid,2,step,10,0.204800,0.000000
invalid,2,step,11,0.192800,0.000000
invalid,2,step,12,0.257400,0.000000
invalid,2,step,13,0.195700,0.000000
invalid,2,step,14,0.184200,0.000000
invalid,2,step,15,0.195400,0.000000
invalid,2,step,16,0.195800,0.000000
invalid,2,step,17,0.193600,0.000000
invalid,2,step,18,0.257600,0.000000
invalid,2,step,19,0.192400,0.000000
invalid,2,step,20,0.195100,0.000000
invalid,2,step,21,0.206100,0.000000
invalid,2,step,22,0.193200,0.000000
invalid,2,step,23,0.252100,0.000000
invalid,2,step,24,0.181200,0.000000
invalid,2,step,25,0.179300,0.000000
invalid,2,step,26,0.185400,0.000000
invalid,2,step,27,0.180800,0.000000
invalid,2,step,28,0.194400,0.000000
invalid,2,step,29,0.252800,0.000000
invalid,2,step,30,0.186200,0.000000
invalid,2,step,31,0.182700,0.000000
invalid,2,step,32,0.218900,0.000000
invalid,2,step,33,0.199100,0.000000
invalid,2,step,34,0.256500,0.000000
invalid,2,step,35,0.182700,0.000000
invalid,2,step,36,0.182600,0.000000
invalid,2,step,37,0.224900,0.000000
invalid,2,step,38,0.183400,0.000000
invalid,2,step,39,0.198800,0.000000
invalid,2,step,40,0.253900,0.000000
invalid,2,step,41,0.189400,0.000000
invalid,2,step,42,0.184400,0.000000
invalid,2,step,43,0.181300,0.000000
invalid,2,step,44,0.190600,0.000000
invalid,2,step,45,0.236000,0.000000
invalid,2,step,46,0.184500,0.000000
invalid,2,step,47,0.181700,0.000000
invalid,2,step,48,0.243100,0.000000
invalid,2,step,49,0.212700,0.000000
invalid,2,step,50,0.196000,0.000000
invalid,2,step,51,0.247200,0.000000
invalid,2,step,52,0.189500,0.000000
invalid,2,step,53,0.212000,0.000000
invalid,2,step,54,0.191400,0.000000
invalid,2,step,55,0.194400,0.000000
invalid,2,step,56,0.260800,0.000000
invalid,2,step,57,0.188500,0.000000
invalid,2,step,58,0.190900,0.000000
invalid,2,step,59,0.183200,0.000000
invalid,2,step,60,0.184300,0.000000
invalid,2,step,61,0.208000,15.625000
invalid,2,step,62,0.238700,0.000000
invalid,2,step,63,0.185800,0.000000
invalid,2,step,64,0.199000,0.000000
invalid,2,step,65,0.188400,0.000000
invalid,2,step,66,0.187900,0.000000
invalid,2,step,67,0.238900,0.000000
invalid,2,step,68,0.183100,0.000000
invalid,2,step,69,0.203600,0.000000
invalid,2,step,70,0.195300,0.000000
invalid,2,step,71,0.184700,0.000000
invalid,2,step,72,0.193700,0.000000
invalid,2,step,73,0.256400,0.000000
invalid,2,step,74,0.182000,0.000000
invalid,2,step,75,0.185900,0.000000
invalid,2,step,76,0.181700,0.000000
invalid,2,step,77,0.193300,0.000000
invalid,2,step,78,0.257000,0.000000
invalid,2,step,79,0.180400,0.000000
invalid,2,step,80,0.226900,0.000000
invalid,2,step,81,0.190300,0.000000
invalid,2,step,82,0.186300,0.000000
invalid,2,step,83,0.200900,0.000000
invalid,2,step,84,0.259700,0.000000
invalid,2,step,85,0.212500,0.000000
invalid,2,step,86,0.200100,0.000000
invalid,2,step,87,0.185000,0.000000
invalid,2,step,88,0.198900,0.000000
invalid,2,step,89,0.260100,0.000000
invalid,2,step,90,0.185300,0.000000
invalid,2,step,91,0.198100,0.000000
invalid,2,step,92,0.187800,0.000000
invalid,2,step,93,0.186400,0.000000
invalid,2,step,94,0.193900,0.000000
invalid,2,step,95,0.262500,0.000000
invalid,2,step,96,0.203300,0.000000
invalid,2,step,97,0.192200,0.000000
invalid,2,step,98,0.194300,0.000000
invalid,2,step,99,0.204500,0.000000
invalid,2,step,100,0.238100,0.000000
invalid,2,step,101,0.202800,0.000000
invalid,2,step,102,0.181900,0.000000
invalid,2,step,103,0.182300,0.000000
invalid,2,step,104,0.203800,0.000000
invalid,2,step,105,0.188600,0.000000
invalid,2,step,106,0.235100,0.000000
invalid,2,step,107,0.182700,0.000000
invalid,2,step,108,0.182300,0.000000
invalid,2,step,109,0.185300,0.000000
invalid,2,step,110,0.231600,0.000000
invalid,2,step,111,0.240800,0.000000
invalid,2,step,112,0.232700,0.000000
invalid,2,step,113,0.202300,0.000000
invalid,2,step,114,0.186200,0.000000
invalid,2,step,115,0.183600,0.000000
invalid,2,step,116,0.202300,0.000000
invalid,2,step,117,0.281800,0.000000
invalid,2,step,118,0.189800,0.000000
invalid,2,step,119,0.199000,0.000000
invalid,2,step,120,0.187800,0.000000
invalid,2,step,121,0.195900,0.000000
invalid,2,step,122,0.256700,0.000000
invalid,2,step,123,0.190700,0.000000
invalid,2,step,124,0.187800,0.000000
invalid,2,step,125,0.198700,0.000000
invalid,2,step,126,0.200800,0.000000
invalid,2,step,127,0.194600,0.000000
invalid,2,step,128,0.277300,0.000000
invalid,2,step,129,0.187600,0.000000
invalid,2,step,130,0.265800,0.000000
invalid,2,step,131,0.255200,0.000000
invalid,2,step,132,0.212800,0.000000
invalid,2,step,133,0.282800,0.000000
invalid,2,step,134,0.180800,0.000000
invalid,2,step,135,0.183800,0.000000
invalid,2,step,136,0.194500,0.000000
invalid,2,step,137,0.184200,0.000000
invalid,2,step,138,0.199800,15.625000
invalid,2,step,139,0.258300,0.000000
invalid,2,step,140,0.208800,0.000000
invalid,2,step,141,0.187800,0.000000
invalid,2,step,142,0.181700,0.000000
invalid,2,step,143,0.193100,0.000000
invalid,2,step,144,0.271800,0.000000
invalid,2,step,145,0.194000,0.000000
invalid,2,step,146,0.191600,0.000000
invalid,2,step,147,0.176800,0.000000
invalid,2,step,148,0.189500,0.000000
invalid,2,step,149,0.211200,0.000000
invalid,2,step,150,0.238700,0.000000
invalid,2,step,151,0.180200,0.000000
invalid,2,step,152,0.182800,0.000000
invalid,2,step,153,0.181800,0.000000
invalid,2,step,154,0.196200,0.000000
invalid,2,step,155,0.237400,0.000000
invalid,2,step,156,0.198500,0.000000
invalid,2,step,157,0.185800,0.000000
invalid,2,step,158,0.193000,0.000000
invalid,2,step,159,0.186400,0.000000
invalid,2,step,160,0.216100,0.000000
invalid,2,step,161,0.247100,0.000000
invalid,2,step,162,0.192700,0.000000
invalid,2,step,163,0.187000,0.000000
invalid,2,step,164,0.184000,0.000000
invalid,2,step,165,0.211100,0.000000
invalid,2,step,166,0.250300,0.000000
invalid,2,step,167,0.194400,0.000000
invalid,2,step,168,0.190900,0.000000
invalid,2,step,169,0.181100,0.000000
invalid,2,step,170,0.184000,0.000000
invalid,2,step,171,0.200700,0.000000
invalid,2,step,172,0.255400,0.000000
invalid,2,step,173,0.177800,0.000000
invalid,2,step,174,0.180900,0.000000
invalid,2,step,175,0.183300,0.000000
invalid,2,step,176,0.235800,0.000000
invalid,2,step,177,0.255300,0.000000
invalid,2,step,178,0.177000,0.000000
invalid,2,step,179,0.176900,0.000000
invalid,2,step,180,0.184800,0.000000
invalid,2,step,181,0.233200,0.000000
invalid,2,step,182,0.231400,0.000000
invalid,2,step,183,0.242600,0.000000
invalid,2,step,184,0.179200,0.000000
invalid,2,step,185,0.183200,0.000000
invalid,2,step,186,0.181100,0.000000
invalid,2,step,187,0.196800,0.000000
invalid,2,step,188,0.236900,0.000000
invalid,2,step,189,0.185000,0.000000
invalid,2,step,190,0.203400,0.000000
invalid,2,step,191,0.188300,0.000000
invalid,2,step,192,0.202900,0.000000
invalid,2,step,193,0.191800,0.000000
invalid,2,step,194,0.260100,0.000000
invalid,2,step,195,0.196100,0.000000
invalid,2,step,196,0.200600,0.000000
invalid,2,step,197,0.213500,0.000000
invalid,2,step,198,0.195300,0.000000
invalid,2,step,199,0.260100,0.000000
invalid,2,step,200,0.188500,0.000000
invalid,2,step,201,0.195500,0.000000
invalid,2,step,202,0.178400,0.000000
invalid,2,step,203,0.180900,0.000000
invalid,2,step,204,0.203000,0.000000
invalid,2,step,205,0.238300,0.000000
invalid,2,step,206,0.177100,0.000000
invalid,2,step,207,0.181500,0.000000
invalid,2,step,208,0.202300,0.000000
invalid,2,step,209,0.188900,0.000000
invalid,2,step,210,0.239800,0.000000
invalid,2,step,211,0.183900,0.000000
invalid,2,step,212,0.183200,0.000000
invalid,2,step,213,0.217700,0.000000
invalid,2,step,214,0.178500,0.000000
invalid,2,step,215,0.198200,0.000000
invalid,2,step,216,0.258200,15.625000
invalid,2,step,217,0.180600,0.000000
invalid,2,step,218,0.180700,0.000000
invalid,2,step,219,0.180400,0.000000
invalid,2,step,220,0.215500,0.000000
invalid,2,step,221,0.244100,0.000000
invalid,2,step,222,0.180200,0.000000
invalid,2,step,223,0.184600,0.000000
invalid,2,step,224,0.209700,0.000000
invalid,2,step,225,0.189800,0.000000
invalid,2,step,226,0.200400,0.000000
invalid,2,step,227,0.270700,0.000000
invalid,2,step,228,0.215600,0.000000
invalid,2,step,229,0.274600,0.000000
invalid,2,step,230,0.188900,0.000000
invalid,2,step,231,0.216300,0.000000
invalid,2,step,232,0.273400,0.000000
invalid,2,step,233,0.193200,0.000000
invalid,2,step,234,0.186400,0.000000
invalid,2,step,235,0.183000,0.000000
invalid,2,step,236,0.180700,0.000000
invalid,2,step,237,0.189700,0.000000
invalid,2,step,238,0.271200,0.000000
invalid,2,step,239,0.181100,0.000000
invalid,2,step,240,0.217700,0.000000
invalid,2,step,241,0.180700,0.000000
invalid,2,step,242,0.187600,0.000000
invalid,2,step,243,0.271400,0.000000
invalid,2,step,244,0.192200,0.000000
invalid,2,step,245,0.211700,0.000000
invalid,2,step,246,0.191400,0.000000
invalid,2,step,247,0.172800,0.000000
invalid,2,step,248,0.195900,0.000000
invalid,2,step,249,0.317400,0.000000
invalid,2,step,250,0.173700,0.000000
invalid,2,step,251,0.171600,0.000000
invalid,2,step,252,0.177000,0.000000
invalid,2,step,253,0.192400,0.000000
invalid,2,step,254,0.307600,0.000000
invalid,2,step,255,0.172900,0.000000
invalid,2,publish,0,56.341700,0.000000
invalid,2,cancel,0,0.257100,
