fixture,bytes,graphemes,sample,operation,milliseconds
ascii,4095,4095,0,insert-paint,0.9434
ascii,4095,4095,0,undo-paint,0.4882
ascii,4095,4095,1,insert-paint,0.9828
ascii,4095,4095,1,undo-paint,0.5434
ascii,4095,4095,2,insert-paint,0.9464
ascii,4095,4095,2,undo-paint,0.5798
ascii,4095,4095,3,insert-paint,1.0111
ascii,4095,4095,3,undo-paint,0.5772
ascii,4095,4095,4,insert-paint,0.9214
ascii,4095,4095,4,undo-paint,0.5412
ascii,4095,4095,5,insert-paint,0.9462
ascii,4095,4095,5,undo-paint,0.5412
ascii,4095,4095,6,insert-paint,0.9793
ascii,4095,4095,6,undo-paint,0.5808
ascii,4095,4095,7,insert-paint,0.9982
ascii,4095,4095,7,undo-paint,0.5778
ascii,4095,4095,8,insert-paint,1.0777
ascii,4095,4095,8,undo-paint,0.626
ascii,4095,4095,9,insert-paint,1.0724
ascii,4095,4095,9,undo-paint,0.5602
ascii,4095,4095,10,insert-paint,1.0177
ascii,4095,4095,10,undo-paint,0.8063
ascii,4095,4095,11,insert-paint,1.3289
ascii,4095,4095,11,undo-paint,0.8633
ascii,4095,4095,12,insert-paint,1.0392
ascii,4095,4095,12,undo-paint,0.5367
ascii,4095,4095,13,insert-paint,1.0001
ascii,4095,4095,13,undo-paint,0.546
ascii,4095,4095,14,insert-paint,0.9512
ascii,4095,4095,14,undo-paint,0.8183
ascii,4095,4095,15,insert-paint,1.0658
ascii,4095,4095,15,undo-paint,0.5371
ascii,4095,4095,16,insert-paint,0.9281
ascii,4095,4095,16,undo-paint,0.555
ascii,4095,4095,17,insert-paint,1.0656
ascii,4095,4095,17,undo-paint,0.5995
ascii,4095,4095,18,insert-paint,1.1252
ascii,4095,4095,18,undo-paint,0.6783
ascii,4095,4095,19,insert-paint,0.9562
ascii,4095,4095,19,undo-paint,0.5095
ascii,4095,4095,20,insert-paint,0.9308
ascii,4095,4095,20,undo-paint,0.5249
ascii,4095,4095,21,insert-paint,0.9492
ascii,4095,4095,21,undo-paint,0.5026
ascii,4095,4095,22,insert-paint,0.908
ascii,4095,4095,22,undo-paint,0.51
ascii,4095,4095,23,insert-paint,0.9161
ascii,4095,4095,23,undo-paint,0.5355
ascii,4095,4095,24,insert-paint,0.9788
ascii,4095,4095,24,undo-paint,0.5147
ascii,4095,4095,25,insert-paint,0.9078
ascii,4095,4095,25,undo-paint,0.5268
ascii,4095,4095,26,insert-paint,0.9392
ascii,4095,4095,26,undo-paint,0.5789
ascii,4095,4095,27,insert-paint,1.0229
ascii,4095,4095,27,undo-paint,0.5947
ascii,4095,4095,28,insert-paint,1.0361
ascii,4095,4095,28,undo-paint,0.6285
ascii,4095,4095,29,insert-paint,1.1177
ascii,4095,4095,29,undo-paint,0.5456
ascii,4095,4095,30,insert-paint,0.9621
ascii,4095,4095,30,undo-paint,0.5137
ascii,4095,4095,31,insert-paint,0.9177
ascii,4095,4095,31,undo-paint,0.5179
ascii,4095,4095,32,insert-paint,1.014
ascii,4095,4095,32,undo-paint,0.5372
ascii,4095,4095,33,insert-paint,0.9566
ascii,4095,4095,33,undo-paint,0.5056
ascii,4095,4095,34,insert-paint,0.9301
ascii,4095,4095,34,undo-paint,0.535
ascii,4095,4095,35,insert-paint,0.9185
ascii,4095,4095,35,undo-paint,0.564
ascii,4095,4095,36,insert-paint,1.0409
ascii,4095,4095,36,undo-paint,0.5695
ascii,4095,4095,37,insert-paint,1.049
ascii,4095,4095,37,undo-paint,0.5394
ascii,4095,4095,38,insert-paint,0.99
ascii,4095,4095,38,undo-paint,0.5923
ascii,4095,4095,39,insert-paint,0.9808
ascii,4095,4095,39,undo-paint,0.5043
ascii,4095,4095,40,insert-paint,1.0158
ascii,4095,4095,40,undo-paint,0.6767
ascii,4095,4095,41,insert-paint,1.2547
ascii,4095,4095,41,undo-paint,0.8119
ascii,4095,4095,42,insert-paint,1.3248
ascii,4095,4095,42,undo-paint,0.7857
ascii,4095,4095,43,insert-paint,1.3034
ascii,4095,4095,43,undo-paint,0.8164
ascii,4095,4095,44,insert-paint,1.2896
ascii,4095,4095,44,undo-paint,0.8248
ascii,4095,4095,45,insert-paint,1.3278
ascii,4095,4095,45,undo-paint,0.8343
ascii,4095,4095,46,insert-paint,0.9337
ascii,4095,4095,46,undo-paint,0.7376
ascii,4095,4095,47,insert-paint,1.0667
ascii,4095,4095,47,undo-paint,0.5646
ascii,4095,4095,48,insert-paint,1.015
ascii,4095,4095,48,undo-paint,0.58
ascii,4095,4095,49,insert-paint,0.9582
ascii,4095,4095,49,undo-paint,0.5003
ascii,4095,4095,50,insert-paint,1.0426
ascii,4095,4095,50,undo-paint,0.6721
ascii,4095,4095,51,insert-paint,0.9573
ascii,4095,4095,51,undo-paint,0.5147
ascii,4095,4095,52,insert-paint,0.8943
ascii,4095,4095,52,undo-paint,0.5109
ascii,4095,4095,53,insert-paint,0.9402
ascii,4095,4095,53,undo-paint,0.5484
ascii,4095,4095,54,insert-paint,1.258
ascii,4095,4095,54,undo-paint,0.517
ascii,4095,4095,55,insert-paint,1.0617
ascii,4095,4095,55,undo-paint,0.5201
ascii,4095,4095,56,insert-paint,0.9685
ascii,4095,4095,56,undo-paint,0.5615
ascii,4095,4095,57,insert-paint,1.0778
ascii,4095,4095,57,undo-paint,0.5352
ascii,4095,4095,58,insert-paint,1.0582
ascii,4095,4095,58,undo-paint,0.8767
ascii,4095,4095,59,insert-paint,1.322
ascii,4095,4095,59,undo-paint,0.8472
ascii,4095,4095,60,insert-paint,1.0689
ascii,4095,4095,60,undo-paint,0.5022
ascii,4095,4095,61,insert-paint,0.9274
ascii,4095,4095,61,undo-paint,0.5118
ascii,4095,4095,62,insert-paint,0.9373
ascii,4095,4095,62,undo-paint,0.7685
ascii,4095,4095,63,insert-paint,1.0108
ascii,4095,4095,63,undo-paint,0.5183
ascii,4095,4095,64,insert-paint,0.9147
ascii,4095,4095,64,undo-paint,0.5184
ascii,4095,4095,65,insert-paint,0.9182
ascii,4095,4095,65,undo-paint,0.5368
ascii,4095,4095,66,insert-paint,1.0718
ascii,4095,4095,66,undo-paint,0.5613
ascii,4095,4095,67,insert-paint,1.0292
ascii,4095,4095,67,undo-paint,0.6158
ascii,4095,4095,68,insert-paint,0.9947
ascii,4095,4095,68,undo-paint,0.5799
ascii,4095,4095,69,insert-paint,1.0387
ascii,4095,4095,69,undo-paint,0.5472
ascii,4095,4095,70,insert-paint,1.1024
ascii,4095,4095,70,undo-paint,0.586
ascii,4095,4095,71,insert-paint,0.9725
ascii,4095,4095,71,undo-paint,0.5427
ascii,4095,4095,72,insert-paint,0.9545
ascii,4095,4095,72,undo-paint,0.5055
ascii,4095,4095,73,insert-paint,0.9158
ascii,4095,4095,73,undo-paint,0.5088
ascii,4095,4095,74,insert-paint,0.9458
ascii,4095,4095,74,undo-paint,0.6123
ascii,4095,4095,75,insert-paint,1.0013
ascii,4095,4095,75,undo-paint,0.515
ascii,4095,4095,76,insert-paint,0.9904
ascii,4095,4095,76,undo-paint,0.5406
ascii,4095,4095,77,insert-paint,0.9887
ascii,4095,4095,77,undo-paint,0.9907
ascii,4095,4095,78,insert-paint,1.433
ascii,4095,4095,78,undo-paint,0.9415
ascii,4095,4095,79,insert-paint,1.3909
ascii,4095,4095,79,undo-paint,0.8564
ascii,4095,4095,80,insert-paint,1.2912
ascii,4095,4095,80,undo-paint,0.696
ascii,4095,4095,81,insert-paint,0.9266
ascii,4095,4095,81,undo-paint,0.5479
ascii,4095,4095,82,insert-paint,0.9275
ascii,4095,4095,82,undo-paint,0.5182
ascii,4095,4095,83,insert-paint,0.9391
ascii,4095,4095,83,undo-paint,0.5361
ascii,4095,4095,84,insert-paint,0.9558
ascii,4095,4095,84,undo-paint,0.4872
ascii,4095,4095,85,insert-paint,0.9151
ascii,4095,4095,85,undo-paint,0.4989
ascii,4095,4095,86,insert-paint,0.9493
ascii,4095,4095,86,undo-paint,0.4799
ascii,4095,4095,87,insert-paint,0.9209
ascii,4095,4095,87,undo-paint,0.5268
ascii,4095,4095,88,insert-paint,0.9559
ascii,4095,4095,88,undo-paint,0.5616
ascii,4095,4095,89,insert-paint,1.0035
ascii,4095,4095,89,undo-paint,0.5963
ascii,4095,4095,90,insert-paint,0.9748
ascii,4095,4095,90,undo-paint,0.5091
ascii,4095,4095,91,insert-paint,0.9779
ascii,4095,4095,91,undo-paint,0.5368
ascii,4095,4095,92,insert-paint,0.9593
ascii,4095,4095,92,undo-paint,0.5179
ascii,4095,4095,93,insert-paint,0.9302
ascii,4095,4095,93,undo-paint,0.5336
ascii,4095,4095,94,insert-paint,0.9274
ascii,4095,4095,94,undo-paint,0.5005
ascii,4095,4095,95,insert-paint,0.9041
ascii,4095,4095,95,undo-paint,0.5051
ascii,4095,4095,96,insert-paint,0.9146
ascii,4095,4095,96,undo-paint,0.4669
ascii,4095,4095,97,insert-paint,0.9276
ascii,4095,4095,97,undo-paint,0.5007
ascii,4095,4095,98,insert-paint,0.9443
ascii,4095,4095,98,undo-paint,0.5283
ascii,4095,4095,99,insert-paint,1.063
ascii,4095,4095,99,undo-paint,0.5272
ascii,4095,4095,100,insert-paint,1.4885
ascii,4095,4095,100,undo-paint,0.6874
ascii,4095,4095,101,insert-paint,0.9888
ascii,4095,4095,101,undo-paint,0.5384
ascii,4095,4095,102,insert-paint,0.97
ascii,4095,4095,102,undo-paint,0.5969
ascii,4095,4095,103,insert-paint,1.1541
ascii,4095,4095,103,undo-paint,0.5382
ascii,4095,4095,104,insert-paint,1.0483
ascii,4095,4095,104,undo-paint,0.4687
ascii,4095,4095,105,insert-paint,0.8822
ascii,4095,4095,105,undo-paint,0.4951
ascii,4095,4095,106,insert-paint,0.9219
ascii,4095,4095,106,undo-paint,0.5229
ascii,4095,4095,107,insert-paint,0.8979
ascii,4095,4095,107,undo-paint,0.6439
ascii,4095,4095,108,insert-paint,1.2666
ascii,4095,4095,108,undo-paint,0.5594
ascii,4095,4095,109,insert-paint,0.9473
ascii,4095,4095,109,undo-paint,0.4965
ascii,4095,4095,110,insert-paint,0.9261
ascii,4095,4095,110,undo-paint,0.4797
ascii,4095,4095,111,insert-paint,0.9423
ascii,4095,4095,111,undo-paint,0.6119
ascii,4095,4095,112,insert-paint,1.018
ascii,4095,4095,112,undo-paint,0.5533
ascii,4095,4095,113,insert-paint,1.0163
ascii,4095,4095,113,undo-paint,0.5703
ascii,4095,4095,114,insert-paint,0.9506
ascii,4095,4095,114,undo-paint,0.5054
ascii,4095,4095,115,insert-paint,0.9399
ascii,4095,4095,115,undo-paint,0.5014
ascii,4095,4095,116,insert-paint,0.9545
ascii,4095,4095,116,undo-paint,0.4943
ascii,4095,4095,117,insert-paint,0.9481
ascii,4095,4095,117,undo-paint,0.5071
ascii,4095,4095,118,insert-paint,0.9438
ascii,4095,4095,118,undo-paint,0.5267
ascii,4095,4095,119,insert-paint,0.9579
ascii,4095,4095,119,undo-paint,0.4964
ascii,4095,4095,120,insert-paint,0.9247
ascii,4095,4095,120,undo-paint,0.4679
ascii,4095,4095,121,insert-paint,0.9328
ascii,4095,4095,121,undo-paint,0.5112
ascii,4095,4095,122,insert-paint,1.0479
ascii,4095,4095,122,undo-paint,0.7703
ascii,4095,4095,123,insert-paint,1.2376
ascii,4095,4095,123,undo-paint,0.6442
ascii,4095,4095,124,insert-paint,1.0188
ascii,4095,4095,124,undo-paint,0.5509
ascii,4095,4095,125,insert-paint,0.9685
ascii,4095,4095,125,undo-paint,0.517
ascii,4095,4095,126,insert-paint,0.9264
ascii,4095,4095,126,undo-paint,0.4806
ascii,4095,4095,127,insert-paint,0.9356
ascii,4095,4095,127,undo-paint,0.5038
ascii,4095,4095,128,insert-paint,0.9427
ascii,4095,4095,128,undo-paint,0.5364
ascii,4095,4095,129,insert-paint,0.9561
ascii,4095,4095,129,undo-paint,0.5002
ascii,4095,4095,130,insert-paint,0.9222
ascii,4095,4095,130,undo-paint,0.5451
ascii,4095,4095,131,insert-paint,0.9222
ascii,4095,4095,131,undo-paint,0.5039
ascii,4095,4095,132,insert-paint,0.9212
ascii,4095,4095,132,undo-paint,0.5035
ascii,4095,4095,133,insert-paint,0.9413
ascii,4095,4095,133,undo-paint,0.6295
ascii,4095,4095,134,insert-paint,1.1218
ascii,4095,4095,134,undo-paint,0.5423
ascii,4095,4095,135,insert-paint,1.0098
ascii,4095,4095,135,undo-paint,0.6671
ascii,4095,4095,136,insert-paint,0.9811
ascii,4095,4095,136,undo-paint,0.6123
ascii,4095,4095,137,insert-paint,0.9233
ascii,4095,4095,137,undo-paint,0.6212
ascii,4095,4095,138,insert-paint,1.0656
ascii,4095,4095,138,undo-paint,0.5333
ascii,4095,4095,139,insert-paint,0.9284
ascii,4095,4095,139,undo-paint,0.5065
ascii,4095,4095,140,insert-paint,0.9235
ascii,4095,4095,140,undo-paint,0.4722
ascii,4095,4095,141,insert-paint,0.9187
ascii,4095,4095,141,undo-paint,0.513
ascii,4095,4095,142,insert-paint,1.0881
ascii,4095,4095,142,undo-paint,0.5081
ascii,4095,4095,143,insert-paint,0.8396
ascii,4095,4095,143,undo-paint,0.5256
ascii,4095,4095,144,insert-paint,0.9238
ascii,4095,4095,144,undo-paint,0.4831
ascii,4095,4095,145,insert-paint,0.9669
ascii,4095,4095,145,undo-paint,0.5482
ascii,4095,4095,146,insert-paint,0.9879
ascii,4095,4095,146,undo-paint,0.5674
ascii,4095,4095,147,insert-paint,0.9388
ascii,4095,4095,147,undo-paint,0.5686
ascii,4095,4095,148,insert-paint,0.9018
ascii,4095,4095,148,undo-paint,0.4938
ascii,4095,4095,149,insert-paint,0.8565
ascii,4095,4095,149,undo-paint,0.4879
ascii,4095,4095,150,insert-paint,0.926
ascii,4095,4095,150,undo-paint,0.5032
ascii,4095,4095,151,insert-paint,0.9316
ascii,4095,4095,151,undo-paint,0.5005
ascii,4095,4095,152,insert-paint,0.8994
ascii,4095,4095,152,undo-paint,0.4762
ascii,4095,4095,153,insert-paint,0.9194
ascii,4095,4095,153,undo-paint,0.4947
ascii,4095,4095,154,insert-paint,0.9035
ascii,4095,4095,154,undo-paint,0.4935
ascii,4095,4095,155,insert-paint,0.9234
ascii,4095,4095,155,undo-paint,0.4988
ascii,4095,4095,156,insert-paint,0.9327
ascii,4095,4095,156,undo-paint,0.482
ascii,4095,4095,157,insert-paint,0.9547
ascii,4095,4095,157,undo-paint,0.5483
ascii,4095,4095,158,insert-paint,0.9687
ascii,4095,4095,158,undo-paint,0.5716
ascii,4095,4095,159,insert-paint,0.9975
ascii,4095,4095,159,undo-paint,0.5175
ascii,4095,4095,160,insert-paint,0.9231
ascii,4095,4095,160,undo-paint,0.5015
ascii,4095,4095,161,insert-paint,0.8374
ascii,4095,4095,161,undo-paint,0.525
ascii,4095,4095,162,insert-paint,0.9295
ascii,4095,4095,162,undo-paint,0.4566
ascii,4095,4095,163,insert-paint,0.9245
ascii,4095,4095,163,undo-paint,0.4896
ascii,4095,4095,164,insert-paint,0.914
ascii,4095,4095,164,undo-paint,0.4608
ascii,4095,4095,165,insert-paint,0.8925
ascii,4095,4095,165,undo-paint,0.5016
ascii,4095,4095,166,insert-paint,0.925
ascii,4095,4095,166,undo-paint,0.4995
ascii,4095,4095,167,insert-paint,0.8649
ascii,4095,4095,167,undo-paint,0.4958
ascii,4095,4095,168,insert-paint,0.9667
ascii,4095,4095,168,undo-paint,0.516
ascii,4095,4095,169,insert-paint,1.0126
ascii,4095,4095,169,undo-paint,0.6288
ascii,4095,4095,170,insert-paint,0.9648
ascii,4095,4095,170,undo-paint,0.5227
ascii,4095,4095,171,insert-paint,0.9502
ascii,4095,4095,171,undo-paint,0.5237
ascii,4095,4095,172,insert-paint,0.9606
ascii,4095,4095,172,undo-paint,0.489
ascii,4095,4095,173,insert-paint,0.9111
ascii,4095,4095,173,undo-paint,0.4887
ascii,4095,4095,174,insert-paint,0.9088
ascii,4095,4095,174,undo-paint,0.4788
ascii,4095,4095,175,insert-paint,0.9084
ascii,4095,4095,175,undo-paint,0.4944
ascii,4095,4095,176,insert-paint,0.9247
ascii,4095,4095,176,undo-paint,0.4935
ascii,4095,4095,177,insert-paint,0.9367
ascii,4095,4095,177,undo-paint,0.4897
ascii,4095,4095,178,insert-paint,0.9254
ascii,4095,4095,178,undo-paint,0.4921
ascii,4095,4095,179,insert-paint,0.842
ascii,4095,4095,179,undo-paint,0.527
ascii,4095,4095,180,insert-paint,0.9509
ascii,4095,4095,180,undo-paint,0.4778
ascii,4095,4095,181,insert-paint,0.9676
ascii,4095,4095,181,undo-paint,0.5833
ascii,4095,4095,182,insert-paint,0.9977
ascii,4095,4095,182,undo-paint,0.5143
ascii,4095,4095,183,insert-paint,0.9588
ascii,4095,4095,183,undo-paint,0.5377
ascii,4095,4095,184,insert-paint,0.9479
ascii,4095,4095,184,undo-paint,0.5118
ascii,4095,4095,185,insert-paint,0.8611
ascii,4095,4095,185,undo-paint,0.5032
ascii,4095,4095,186,insert-paint,0.9722
ascii,4095,4095,186,undo-paint,0.4936
ascii,4095,4095,187,insert-paint,0.9488
ascii,4095,4095,187,undo-paint,0.6742
ascii,4095,4095,188,insert-paint,0.9092
ascii,4095,4095,188,undo-paint,0.4758
ascii,4095,4095,189,insert-paint,0.9414
ascii,4095,4095,189,undo-paint,0.4933
ascii,4095,4095,190,insert-paint,0.9056
ascii,4095,4095,190,undo-paint,0.5087
ascii,4095,4095,191,insert-paint,0.921
ascii,4095,4095,191,undo-paint,0.504
ascii,4095,4095,192,insert-paint,0.921
ascii,4095,4095,192,undo-paint,0.4734
ascii,4095,4095,193,insert-paint,0.954
ascii,4095,4095,193,undo-paint,0.5904
ascii,4095,4095,194,insert-paint,0.9907
ascii,4095,4095,194,undo-paint,0.5526
ascii,4095,4095,195,insert-paint,1.0063
ascii,4095,4095,195,undo-paint,0.4825
ascii,4095,4095,196,insert-paint,0.9359
ascii,4095,4095,196,undo-paint,0.5023
ascii,4095,4095,197,insert-paint,0.8853
ascii,4095,4095,197,undo-paint,0.6924
ascii,4095,4095,198,insert-paint,0.9912
ascii,4095,4095,198,undo-paint,0.4798
ascii,4095,4095,199,insert-paint,0.9234
ascii,4095,4095,199,undo-paint,0.5076
unicode,4094,2047,0,insert-paint,0.5603
unicode,4094,2047,0,undo-paint,0.2349
unicode,4094,2047,1,insert-paint,0.533
unicode,4094,2047,1,undo-paint,0.2685
unicode,4094,2047,2,insert-paint,0.5021
unicode,4094,2047,2,undo-paint,0.2159
unicode,4094,2047,3,insert-paint,0.4764
unicode,4094,2047,3,undo-paint,0.218
unicode,4094,2047,4,insert-paint,0.5301
unicode,4094,2047,4,undo-paint,0.284
unicode,4094,2047,5,insert-paint,0.4932
unicode,4094,2047,5,undo-paint,0.2195
unicode,4094,2047,6,insert-paint,0.4883
unicode,4094,2047,6,undo-paint,0.2312
unicode,4094,2047,7,insert-paint,0.502
unicode,4094,2047,7,undo-paint,0.2804
unicode,4094,2047,8,insert-paint,0.4845
unicode,4094,2047,8,undo-paint,0.2623
unicode,4094,2047,9,insert-paint,0.4755
unicode,4094,2047,9,undo-paint,0.2217
unicode,4094,2047,10,insert-paint,0.4758
unicode,4094,2047,10,undo-paint,0.2132
unicode,4094,2047,11,insert-paint,0.4934
unicode,4094,2047,11,undo-paint,0.2862
unicode,4094,2047,12,insert-paint,0.4817
unicode,4094,2047,12,undo-paint,0.2247
unicode,4094,2047,13,insert-paint,0.4831
unicode,4094,2047,13,undo-paint,0.2403
unicode,4094,2047,14,insert-paint,0.4963
unicode,4094,2047,14,undo-paint,0.2837
unicode,4094,2047,15,insert-paint,0.4686
unicode,4094,2047,15,undo-paint,0.2517
unicode,4094,2047,16,insert-paint,0.4627
unicode,4094,2047,16,undo-paint,0.2173
unicode,4094,2047,17,insert-paint,0.4877
unicode,4094,2047,17,undo-paint,0.2297
unicode,4094,2047,18,insert-paint,0.6078
unicode,4094,2047,18,undo-paint,0.2796
unicode,4094,2047,19,insert-paint,0.4749
unicode,4094,2047,19,undo-paint,0.2329
unicode,4094,2047,20,insert-paint,0.4984
unicode,4094,2047,20,undo-paint,0.2249
unicode,4094,2047,21,insert-paint,0.4943
unicode,4094,2047,21,undo-paint,0.2813
unicode,4094,2047,22,insert-paint,0.4927
unicode,4094,2047,22,undo-paint,0.2287
unicode,4094,2047,23,insert-paint,0.4909
unicode,4094,2047,23,undo-paint,0.2167
unicode,4094,2047,24,insert-paint,0.5076
unicode,4094,2047,24,undo-paint,0.2868
unicode,4094,2047,25,insert-paint,0.4867
unicode,4094,2047,25,undo-paint,0.2673
unicode,4094,2047,26,insert-paint,0.4855
unicode,4094,2047,26,undo-paint,0.2283
unicode,4094,2047,27,insert-paint,0.4859
unicode,4094,2047,27,undo-paint,0.2231
unicode,4094,2047,28,insert-paint,0.5062
unicode,4094,2047,28,undo-paint,0.2903
unicode,4094,2047,29,insert-paint,0.4858
unicode,4094,2047,29,undo-paint,0.2359
unicode,4094,2047,30,insert-paint,0.4734
unicode,4094,2047,30,undo-paint,0.2332
unicode,4094,2047,31,insert-paint,0.5151
unicode,4094,2047,31,undo-paint,0.3157
unicode,4094,2047,32,insert-paint,0.4816
unicode,4094,2047,32,undo-paint,0.2729
unicode,4094,2047,33,insert-paint,0.5476
unicode,4094,2047,33,undo-paint,0.2389
unicode,4094,2047,34,insert-paint,0.5614
unicode,4094,2047,34,undo-paint,0.2368
unicode,4094,2047,35,insert-paint,0.5647
unicode,4094,2047,35,undo-paint,0.2641
unicode,4094,2047,36,insert-paint,0.5659
unicode,4094,2047,36,undo-paint,0.2355
unicode,4094,2047,37,insert-paint,0.5395
unicode,4094,2047,37,undo-paint,0.2395
unicode,4094,2047,38,insert-paint,0.5488
unicode,4094,2047,38,undo-paint,0.2889
unicode,4094,2047,39,insert-paint,0.5477
unicode,4094,2047,39,undo-paint,0.2706
unicode,4094,2047,40,insert-paint,0.5435
unicode,4094,2047,40,undo-paint,0.2211
unicode,4094,2047,41,insert-paint,0.5086
unicode,4094,2047,41,undo-paint,0.2842
unicode,4094,2047,42,insert-paint,0.5067
unicode,4094,2047,42,undo-paint,0.2777
unicode,4094,2047,43,insert-paint,0.5249
unicode,4094,2047,43,undo-paint,0.2551
unicode,4094,2047,44,insert-paint,0.5024
unicode,4094,2047,44,undo-paint,0.2292
unicode,4094,2047,45,insert-paint,0.498
unicode,4094,2047,45,undo-paint,0.2911
unicode,4094,2047,46,insert-paint,0.4724
unicode,4094,2047,46,undo-paint,0.235
unicode,4094,2047,47,insert-paint,0.4829
unicode,4094,2047,47,undo-paint,0.2235
unicode,4094,2047,48,insert-paint,0.4997
unicode,4094,2047,48,undo-paint,0.2756
unicode,4094,2047,49,insert-paint,0.4782
unicode,4094,2047,49,undo-paint,0.2482
unicode,4094,2047,50,insert-paint,0.4722
unicode,4094,2047,50,undo-paint,0.2258
unicode,4094,2047,51,insert-paint,0.5432
unicode,4094,2047,51,undo-paint,0.2269
unicode,4094,2047,52,insert-paint,0.5698
unicode,4094,2047,52,undo-paint,0.2729
unicode,4094,2047,53,insert-paint,0.4901
unicode,4094,2047,53,undo-paint,0.2415
unicode,4094,2047,54,insert-paint,0.6027
unicode,4094,2047,54,undo-paint,0.2281
unicode,4094,2047,55,insert-paint,0.5189
unicode,4094,2047,55,undo-paint,0.298
unicode,4094,2047,56,insert-paint,0.4944
unicode,4094,2047,56,undo-paint,0.2326
unicode,4094,2047,57,insert-paint,0.4998
unicode,4094,2047,57,undo-paint,0.2396
unicode,4094,2047,58,insert-paint,0.4857
unicode,4094,2047,58,undo-paint,0.2232
unicode,4094,2047,59,insert-paint,0.4841
unicode,4094,2047,59,undo-paint,0.2767
unicode,4094,2047,60,insert-paint,0.6165
unicode,4094,2047,60,undo-paint,0.3543
unicode,4094,2047,61,insert-paint,0.3979
unicode,4094,2047,61,undo-paint,0.2199
unicode,4094,2047,62,insert-paint,0.4865
unicode,4094,2047,62,undo-paint,0.2323
unicode,4094,2047,63,insert-paint,0.5323
unicode,4094,2047,63,undo-paint,0.2467
unicode,4094,2047,64,insert-paint,0.4903
unicode,4094,2047,64,undo-paint,0.2694
unicode,4094,2047,65,insert-paint,0.4984
unicode,4094,2047,65,undo-paint,0.2458
unicode,4094,2047,66,insert-paint,0.4814
unicode,4094,2047,66,undo-paint,0.2329
unicode,4094,2047,67,insert-paint,0.4812
unicode,4094,2047,67,undo-paint,0.2168
unicode,4094,2047,68,insert-paint,0.5222
unicode,4094,2047,68,undo-paint,0.2468
unicode,4094,2047,69,insert-paint,0.5004
unicode,4094,2047,69,undo-paint,0.3607
unicode,4094,2047,70,insert-paint,0.4979
unicode,4094,2047,70,undo-paint,0.2177
unicode,4094,2047,71,insert-paint,0.504
unicode,4094,2047,71,undo-paint,0.2128
unicode,4094,2047,72,insert-paint,0.5229
unicode,4094,2047,72,undo-paint,0.2344
unicode,4094,2047,73,insert-paint,0.5364
unicode,4094,2047,73,undo-paint,0.2536
unicode,4094,2047,74,insert-paint,0.4935
unicode,4094,2047,74,undo-paint,0.2714
unicode,4094,2047,75,insert-paint,0.4949
unicode,4094,2047,75,undo-paint,0.2366
unicode,4094,2047,76,insert-paint,0.5257
unicode,4094,2047,76,undo-paint,0.2327
unicode,4094,2047,77,insert-paint,0.5117
unicode,4094,2047,77,undo-paint,0.2182
unicode,4094,2047,78,insert-paint,0.5254
unicode,4094,2047,78,undo-paint,0.2612
unicode,4094,2047,79,insert-paint,0.6503
unicode,4094,2047,79,undo-paint,0.3233
unicode,4094,2047,80,insert-paint,0.5842
unicode,4094,2047,80,undo-paint,0.2216
unicode,4094,2047,81,insert-paint,0.5213
unicode,4094,2047,81,undo-paint,0.2275
unicode,4094,2047,82,insert-paint,0.508
unicode,4094,2047,82,undo-paint,0.2369
unicode,4094,2047,83,insert-paint,0.5092
unicode,4094,2047,83,undo-paint,0.236
unicode,4094,2047,84,insert-paint,0.4111
unicode,4094,2047,84,undo-paint,0.2516
unicode,4094,2047,85,insert-paint,0.4844
unicode,4094,2047,85,undo-paint,0.2346
unicode,4094,2047,86,insert-paint,0.3963
unicode,4094,2047,86,undo-paint,0.2214
unicode,4094,2047,87,insert-paint,0.5115
unicode,4094,2047,87,undo-paint,0.2531
unicode,4094,2047,88,insert-paint,0.6149
unicode,4094,2047,88,undo-paint,0.2194
unicode,4094,2047,89,insert-paint,0.3919
unicode,4094,2047,89,undo-paint,0.2103
unicode,4094,2047,90,insert-paint,0.4888
unicode,4094,2047,90,undo-paint,0.2165
unicode,4094,2047,91,insert-paint,0.4862
unicode,4094,2047,91,undo-paint,0.2254
unicode,4094,2047,92,insert-paint,0.4777
unicode,4094,2047,92,undo-paint,0.2713
unicode,4094,2047,93,insert-paint,0.4751
unicode,4094,2047,93,undo-paint,0.2315
unicode,4094,2047,94,insert-paint,0.3921
unicode,4094,2047,94,undo-paint,0.2113
unicode,4094,2047,95,insert-paint,0.4782
unicode,4094,2047,95,undo-paint,0.2157
unicode,4094,2047,96,insert-paint,0.4987
unicode,4094,2047,96,undo-paint,0.2187
unicode,4094,2047,97,insert-paint,0.475
unicode,4094,2047,97,undo-paint,0.2667
unicode,4094,2047,98,insert-paint,0.4846
unicode,4094,2047,98,undo-paint,0.2641
unicode,4094,2047,99,insert-paint,0.4992
unicode,4094,2047,99,undo-paint,0.2421
unicode,4094,2047,100,insert-paint,0.4824
unicode,4094,2047,100,undo-paint,0.2375
unicode,4094,2047,101,insert-paint,0.4979
unicode,4094,2047,101,undo-paint,0.2515
unicode,4094,2047,102,insert-paint,0.473
unicode,4094,2047,102,undo-paint,0.2686
unicode,4094,2047,103,insert-paint,0.4735
unicode,4094,2047,103,undo-paint,0.2193
unicode,4094,2047,104,insert-paint,0.4157
unicode,4094,2047,104,undo-paint,0.2236
unicode,4094,2047,105,insert-paint,0.4934
unicode,4094,2047,105,undo-paint,0.244
unicode,4094,2047,106,insert-paint,0.6452
unicode,4094,2047,106,undo-paint,0.2487
unicode,4094,2047,107,insert-paint,0.4993
unicode,4094,2047,107,undo-paint,0.2723
unicode,4094,2047,108,insert-paint,0.4955
unicode,4094,2047,108,undo-paint,0.2212
unicode,4094,2047,109,insert-paint,0.5094
unicode,4094,2047,109,undo-paint,0.2239
unicode,4094,2047,110,insert-paint,0.5159
unicode,4094,2047,110,undo-paint,0.2256
unicode,4094,2047,111,insert-paint,0.5163
unicode,4094,2047,111,undo-paint,0.2514
unicode,4094,2047,112,insert-paint,0.4901
unicode,4094,2047,112,undo-paint,0.2605
unicode,4094,2047,113,insert-paint,0.4888
unicode,4094,2047,113,undo-paint,0.2398
unicode,4094,2047,114,insert-paint,0.4934
unicode,4094,2047,114,undo-paint,0.3134
unicode,4094,2047,115,insert-paint,0.5568
unicode,4094,2047,115,undo-paint,0.2292
unicode,4094,2047,116,insert-paint,0.5165
unicode,4094,2047,116,undo-paint,0.2451
unicode,4094,2047,117,insert-paint,0.387
unicode,4094,2047,117,undo-paint,0.2438
unicode,4094,2047,118,insert-paint,0.4809
unicode,4094,2047,118,undo-paint,0.2201
unicode,4094,2047,119,insert-paint,0.4056
unicode,4094,2047,119,undo-paint,0.2075
unicode,4094,2047,120,insert-paint,0.4839
unicode,4094,2047,120,undo-paint,0.2575
unicode,4094,2047,121,insert-paint,0.4969
unicode,4094,2047,121,undo-paint,0.237
unicode,4094,2047,122,insert-paint,0.4179
unicode,4094,2047,122,undo-paint,0.2189
unicode,4094,2047,123,insert-paint,0.5175
unicode,4094,2047,123,undo-paint,0.2354
unicode,4094,2047,124,insert-paint,0.4806
unicode,4094,2047,124,undo-paint,0.2724
unicode,4094,2047,125,insert-paint,0.5825
unicode,4094,2047,125,undo-paint,0.2991
unicode,4094,2047,126,insert-paint,0.538
unicode,4094,2047,126,undo-paint,0.2226
unicode,4094,2047,127,insert-paint,0.3832
unicode,4094,2047,127,undo-paint,0.2208
unicode,4094,2047,128,insert-paint,0.4948
unicode,4094,2047,128,undo-paint,0.227
unicode,4094,2047,129,insert-paint,0.5042
unicode,4094,2047,129,undo-paint,0.216
unicode,4094,2047,130,insert-paint,0.5277
unicode,4094,2047,130,undo-paint,0.2849
unicode,4094,2047,131,insert-paint,0.4995
unicode,4094,2047,131,undo-paint,0.2357
unicode,4094,2047,132,insert-paint,0.5182
unicode,4094,2047,132,undo-paint,0.2868
unicode,4094,2047,133,insert-paint,0.5463
unicode,4094,2047,133,undo-paint,0.228
unicode,4094,2047,134,insert-paint,0.5616
unicode,4094,2047,134,undo-paint,0.2581
unicode,4094,2047,135,insert-paint,0.5192
unicode,4094,2047,135,undo-paint,0.2728
unicode,4094,2047,136,insert-paint,0.5204
unicode,4094,2047,136,undo-paint,0.2337
unicode,4094,2047,137,insert-paint,0.409
unicode,4094,2047,137,undo-paint,0.2062
unicode,4094,2047,138,insert-paint,0.4884
unicode,4094,2047,138,undo-paint,0.2774
unicode,4094,2047,139,insert-paint,0.5108
unicode,4094,2047,139,undo-paint,0.2793
unicode,4094,2047,140,insert-paint,0.5016
unicode,4094,2047,140,undo-paint,0.2913
unicode,4094,2047,141,insert-paint,0.482
unicode,4094,2047,141,undo-paint,0.2815
unicode,4094,2047,142,insert-paint,0.5758
unicode,4094,2047,142,undo-paint,0.4801
unicode,4094,2047,143,insert-paint,0.6914
unicode,4094,2047,143,undo-paint,0.3653
unicode,4094,2047,144,insert-paint,0.5608
unicode,4094,2047,144,undo-paint,0.429
unicode,4094,2047,145,insert-paint,0.6691
unicode,4094,2047,145,undo-paint,0.3611
unicode,4094,2047,146,insert-paint,0.6005
unicode,4094,2047,146,undo-paint,0.3731
unicode,4094,2047,147,insert-paint,0.5588
unicode,4094,2047,147,undo-paint,0.3655
unicode,4094,2047,148,insert-paint,0.5813
unicode,4094,2047,148,undo-paint,0.55
unicode,4094,2047,149,insert-paint,0.7481
unicode,4094,2047,149,undo-paint,0.4943
unicode,4094,2047,150,insert-paint,0.6468
unicode,4094,2047,150,undo-paint,0.2518
unicode,4094,2047,151,insert-paint,0.4883
unicode,4094,2047,151,undo-paint,0.2371
unicode,4094,2047,152,insert-paint,0.4878
unicode,4094,2047,152,undo-paint,0.2269
unicode,4094,2047,153,insert-paint,0.523
unicode,4094,2047,153,undo-paint,0.3101
unicode,4094,2047,154,insert-paint,0.4229
unicode,4094,2047,154,undo-paint,0.2102
unicode,4094,2047,155,insert-paint,0.4825
unicode,4094,2047,155,undo-paint,0.2557
unicode,4094,2047,156,insert-paint,0.5779
unicode,4094,2047,156,undo-paint,0.2196
unicode,4094,2047,157,insert-paint,0.7891
unicode,4094,2047,157,undo-paint,0.3844
unicode,4094,2047,158,insert-paint,0.5888
unicode,4094,2047,158,undo-paint,0.4617
unicode,4094,2047,159,insert-paint,0.4972
unicode,4094,2047,159,undo-paint,0.4077
unicode,4094,2047,160,insert-paint,0.6576
unicode,4094,2047,160,undo-paint,0.2201
unicode,4094,2047,161,insert-paint,0.7131
unicode,4094,2047,161,undo-paint,0.2505
unicode,4094,2047,162,insert-paint,0.6499
unicode,4094,2047,162,undo-paint,0.2702
unicode,4094,2047,163,insert-paint,0.5093
unicode,4094,2047,163,undo-paint,0.2288
unicode,4094,2047,164,insert-paint,0.4415
unicode,4094,2047,164,undo-paint,0.2071
unicode,4094,2047,165,insert-paint,0.4753
unicode,4094,2047,165,undo-paint,0.2982
unicode,4094,2047,166,insert-paint,0.5172
unicode,4094,2047,166,undo-paint,0.2427
unicode,4094,2047,167,insert-paint,0.5705
unicode,4094,2047,167,undo-paint,0.2374
unicode,4094,2047,168,insert-paint,0.5668
unicode,4094,2047,168,undo-paint,0.3686
unicode,4094,2047,169,insert-paint,0.5646
unicode,4094,2047,169,undo-paint,0.4207
unicode,4094,2047,170,insert-paint,0.5503
unicode,4094,2047,170,undo-paint,0.2241
unicode,4094,2047,171,insert-paint,0.4098
unicode,4094,2047,171,undo-paint,0.2526
unicode,4094,2047,172,insert-paint,0.3949
unicode,4094,2047,172,undo-paint,0.2099
unicode,4094,2047,173,insert-paint,0.5505
unicode,4094,2047,173,undo-paint,0.2294
unicode,4094,2047,174,insert-paint,0.4934
unicode,4094,2047,174,undo-paint,0.2143
unicode,4094,2047,175,insert-paint,0.4068
unicode,4094,2047,175,undo-paint,0.2436
unicode,4094,2047,176,insert-paint,0.4095
unicode,4094,2047,176,undo-paint,0.2266
unicode,4094,2047,177,insert-paint,0.5025
unicode,4094,2047,177,undo-paint,0.2322
unicode,4094,2047,178,insert-paint,0.394
unicode,4094,2047,178,undo-paint,0.2122
unicode,4094,2047,179,insert-paint,0.393
unicode,4094,2047,179,undo-paint,0.2646
unicode,4094,2047,180,insert-paint,0.4824
unicode,4094,2047,180,undo-paint,0.2248
unicode,4094,2047,181,insert-paint,0.3999
unicode,4094,2047,181,undo-paint,0.2196
unicode,4094,2047,182,insert-paint,0.3907
unicode,4094,2047,182,undo-paint,0.2167
unicode,4094,2047,183,insert-paint,0.4077
unicode,4094,2047,183,undo-paint,0.2287
unicode,4094,2047,184,insert-paint,0.4787
unicode,4094,2047,184,undo-paint,0.2348
unicode,4094,2047,185,insert-paint,0.4585
unicode,4094,2047,185,undo-paint,0.2523
unicode,4094,2047,186,insert-paint,0.4089
unicode,4094,2047,186,undo-paint,0.26
unicode,4094,2047,187,insert-paint,0.4838
unicode,4094,2047,187,undo-paint,0.2242
unicode,4094,2047,188,insert-paint,0.3881
unicode,4094,2047,188,undo-paint,0.2423
unicode,4094,2047,189,insert-paint,0.4005
unicode,4094,2047,189,undo-paint,0.2055
unicode,4094,2047,190,insert-paint,0.4792
unicode,4094,2047,190,undo-paint,0.2317
unicode,4094,2047,191,insert-paint,0.5112
unicode,4094,2047,191,undo-paint,0.2317
unicode,4094,2047,192,insert-paint,0.4216
unicode,4094,2047,192,undo-paint,0.2213
unicode,4094,2047,193,insert-paint,0.4711
unicode,4094,2047,193,undo-paint,0.2545
unicode,4094,2047,194,insert-paint,0.505
unicode,4094,2047,194,undo-paint,0.2787
unicode,4094,2047,195,insert-paint,0.4013
unicode,4094,2047,195,undo-paint,0.2208
unicode,4094,2047,196,insert-paint,0.4092
unicode,4094,2047,196,undo-paint,0.2239
unicode,4094,2047,197,insert-paint,0.4766
unicode,4094,2047,197,undo-paint,0.2167
unicode,4094,2047,198,insert-paint,0.5054
unicode,4094,2047,198,undo-paint,0.2278
unicode,4094,2047,199,insert-paint,0.4054
unicode,4094,2047,199,undo-paint,0.2185
combining,4095,1365,0,insert-paint,0.3432
combining,4095,1365,0,undo-paint,0.2461
combining,4095,1365,1,insert-paint,0.3406
combining,4095,1365,1,undo-paint,0.2373
combining,4095,1365,2,insert-paint,0.3415
combining,4095,1365,2,undo-paint,0.2187
combining,4095,1365,3,insert-paint,0.3384
combining,4095,1365,3,undo-paint,0.2253
combining,4095,1365,4,insert-paint,0.3199
combining,4095,1365,4,undo-paint,0.258
combining,4095,1365,5,insert-paint,0.3662
combining,4095,1365,5,undo-paint,0.2615
combining,4095,1365,6,insert-paint,0.4695
combining,4095,1365,6,undo-paint,0.3904
combining,4095,1365,7,insert-paint,0.527
combining,4095,1365,7,undo-paint,0.227
combining,4095,1365,8,insert-paint,0.3242
combining,4095,1365,8,undo-paint,0.2448
combining,4095,1365,9,insert-paint,0.3458
combining,4095,1365,9,undo-paint,0.2181
combining,4095,1365,10,insert-paint,0.6114
combining,4095,1365,10,undo-paint,0.246
combining,4095,1365,11,insert-paint,0.3312
combining,4095,1365,11,undo-paint,0.3231
combining,4095,1365,12,insert-paint,0.3947
combining,4095,1365,12,undo-paint,0.2472
combining,4095,1365,13,insert-paint,0.3432
combining,4095,1365,13,undo-paint,0.2291
combining,4095,1365,14,insert-paint,0.3902
combining,4095,1365,14,undo-paint,0.2497
combining,4095,1365,15,insert-paint,0.3323
combining,4095,1365,15,undo-paint,0.2556
combining,4095,1365,16,insert-paint,0.3587
combining,4095,1365,16,undo-paint,0.2195
combining,4095,1365,17,insert-paint,0.3218
combining,4095,1365,17,undo-paint,0.2297
combining,4095,1365,18,insert-paint,0.3372
combining,4095,1365,18,undo-paint,0.3774
combining,4095,1365,19,insert-paint,0.5258
combining,4095,1365,19,undo-paint,0.373
combining,4095,1365,20,insert-paint,0.4559
combining,4095,1365,20,undo-paint,0.3453
combining,4095,1365,21,insert-paint,0.4473
combining,4095,1365,21,undo-paint,0.3516
combining,4095,1365,22,insert-paint,0.441
combining,4095,1365,22,undo-paint,0.3517
combining,4095,1365,23,insert-paint,0.4484
combining,4095,1365,23,undo-paint,0.2331
combining,4095,1365,24,insert-paint,0.4222
combining,4095,1365,24,undo-paint,0.3813
combining,4095,1365,25,insert-paint,0.474
combining,4095,1365,25,undo-paint,0.2552
combining,4095,1365,26,insert-paint,0.3192
combining,4095,1365,26,undo-paint,0.2462
combining,4095,1365,27,insert-paint,0.3326
combining,4095,1365,27,undo-paint,0.2281
combining,4095,1365,28,insert-paint,0.336
combining,4095,1365,28,undo-paint,0.2184
combining,4095,1365,29,insert-paint,0.356
combining,4095,1365,29,undo-paint,0.2459
combining,4095,1365,30,insert-paint,0.3315
combining,4095,1365,30,undo-paint,0.2409
combining,4095,1365,31,insert-paint,0.3347
combining,4095,1365,31,undo-paint,0.2316
combining,4095,1365,32,insert-paint,0.339
combining,4095,1365,32,undo-paint,0.227
combining,4095,1365,33,insert-paint,0.342
combining,4095,1365,33,undo-paint,0.2525
combining,4095,1365,34,insert-paint,0.3876
combining,4095,1365,34,undo-paint,0.267
combining,4095,1365,35,insert-paint,0.3384
combining,4095,1365,35,undo-paint,0.2279
combining,4095,1365,36,insert-paint,0.3576
combining,4095,1365,36,undo-paint,0.2282
combining,4095,1365,37,insert-paint,0.3373
combining,4095,1365,37,undo-paint,0.224
combining,4095,1365,38,insert-paint,0.3257
combining,4095,1365,38,undo-paint,0.2287
combining,4095,1365,39,insert-paint,0.3821
combining,4095,1365,39,undo-paint,0.2714
combining,4095,1365,40,insert-paint,0.348
combining,4095,1365,40,undo-paint,0.3627
combining,4095,1365,41,insert-paint,0.9137
combining,4095,1365,41,undo-paint,0.4408
combining,4095,1365,42,insert-paint,0.3324
combining,4095,1365,42,undo-paint,0.2389
combining,4095,1365,43,insert-paint,0.347
combining,4095,1365,43,undo-paint,0.2511
combining,4095,1365,44,insert-paint,0.3962
combining,4095,1365,44,undo-paint,0.2319
combining,4095,1365,45,insert-paint,0.3484
combining,4095,1365,45,undo-paint,0.2856
combining,4095,1365,46,insert-paint,0.3468
combining,4095,1365,46,undo-paint,0.233
combining,4095,1365,47,insert-paint,0.393
combining,4095,1365,47,undo-paint,0.3211
combining,4095,1365,48,insert-paint,0.3583
combining,4095,1365,48,undo-paint,0.2308
combining,4095,1365,49,insert-paint,0.3485
combining,4095,1365,49,undo-paint,0.2378
combining,4095,1365,50,insert-paint,0.4013
combining,4095,1365,50,undo-paint,0.2203
combining,4095,1365,51,insert-paint,0.3862
combining,4095,1365,51,undo-paint,0.2414
combining,4095,1365,52,insert-paint,0.3574
combining,4095,1365,52,undo-paint,0.2435
combining,4095,1365,53,insert-paint,0.3263
combining,4095,1365,53,undo-paint,0.2363
combining,4095,1365,54,insert-paint,0.3375
combining,4095,1365,54,undo-paint,0.213
combining,4095,1365,55,insert-paint,0.3247
combining,4095,1365,55,undo-paint,0.2394
combining,4095,1365,56,insert-paint,0.3306
combining,4095,1365,56,undo-paint,0.2188
combining,4095,1365,57,insert-paint,0.3347
combining,4095,1365,57,undo-paint,0.2434
combining,4095,1365,58,insert-paint,0.3353
combining,4095,1365,58,undo-paint,0.2282
combining,4095,1365,59,insert-paint,0.3365
combining,4095,1365,59,undo-paint,0.2501
combining,4095,1365,60,insert-paint,0.3363
combining,4095,1365,60,undo-paint,0.2104
combining,4095,1365,61,insert-paint,0.3859
combining,4095,1365,61,undo-paint,0.3134
combining,4095,1365,62,insert-paint,0.4768
combining,4095,1365,62,undo-paint,0.3587
combining,4095,1365,63,insert-paint,0.4787
combining,4095,1365,63,undo-paint,0.3623
combining,4095,1365,64,insert-paint,0.4756
combining,4095,1365,64,undo-paint,0.3518
combining,4095,1365,65,insert-paint,0.4398
combining,4095,1365,65,undo-paint,0.2646
combining,4095,1365,66,insert-paint,0.4073
combining,4095,1365,66,undo-paint,0.2636
combining,4095,1365,67,insert-paint,0.3656
combining,4095,1365,67,undo-paint,0.399
combining,4095,1365,68,insert-paint,0.5204
combining,4095,1365,68,undo-paint,0.3879
combining,4095,1365,69,insert-paint,0.5366
combining,4095,1365,69,undo-paint,0.3974
combining,4095,1365,70,insert-paint,0.4166
combining,4095,1365,70,undo-paint,0.2312
combining,4095,1365,71,insert-paint,0.4009
combining,4095,1365,71,undo-paint,0.3659
combining,4095,1365,72,insert-paint,0.475
combining,4095,1365,72,undo-paint,0.3312
combining,4095,1365,73,insert-paint,0.3548
combining,4095,1365,73,undo-paint,0.2339
combining,4095,1365,74,insert-paint,0.3545
combining,4095,1365,74,undo-paint,0.2368
combining,4095,1365,75,insert-paint,0.3418
combining,4095,1365,75,undo-paint,0.2472
combining,4095,1365,76,insert-paint,0.3816
combining,4095,1365,76,undo-paint,0.2706
combining,4095,1365,77,insert-paint,0.3288
combining,4095,1365,77,undo-paint,0.2265
combining,4095,1365,78,insert-paint,0.4101
combining,4095,1365,78,undo-paint,0.2854
combining,4095,1365,79,insert-paint,0.3441
combining,4095,1365,79,undo-paint,0.2207
combining,4095,1365,80,insert-paint,0.3302
combining,4095,1365,80,undo-paint,0.2835
combining,4095,1365,81,insert-paint,0.3583
combining,4095,1365,81,undo-paint,0.2343
combining,4095,1365,82,insert-paint,0.3425
combining,4095,1365,82,undo-paint,0.2183
combining,4095,1365,83,insert-paint,0.3728
combining,4095,1365,83,undo-paint,0.2689
combining,4095,1365,84,insert-paint,0.3322
combining,4095,1365,84,undo-paint,0.2596
combining,4095,1365,85,insert-paint,0.351
combining,4095,1365,85,undo-paint,0.369
combining,4095,1365,86,insert-paint,0.3265
combining,4095,1365,86,undo-paint,0.3738
combining,4095,1365,87,insert-paint,0.324
combining,4095,1365,87,undo-paint,0.392
combining,4095,1365,88,insert-paint,0.4901
combining,4095,1365,88,undo-paint,0.3857
combining,4095,1365,89,insert-paint,0.499
combining,4095,1365,89,undo-paint,0.3826
combining,4095,1365,90,insert-paint,0.4947
combining,4095,1365,90,undo-paint,0.3799
combining,4095,1365,91,insert-paint,0.4977
combining,4095,1365,91,undo-paint,0.3803
combining,4095,1365,92,insert-paint,0.5027
combining,4095,1365,92,undo-paint,0.3415
combining,4095,1365,93,insert-paint,0.4939
combining,4095,1365,93,undo-paint,0.2448
combining,4095,1365,94,insert-paint,0.3525
combining,4095,1365,94,undo-paint,0.2742
combining,4095,1365,95,insert-paint,0.4577
combining,4095,1365,95,undo-paint,0.2739
combining,4095,1365,96,insert-paint,0.3481
combining,4095,1365,96,undo-paint,0.2109
combining,4095,1365,97,insert-paint,0.3419
combining,4095,1365,97,undo-paint,0.2365
combining,4095,1365,98,insert-paint,0.3415
combining,4095,1365,98,undo-paint,0.2323
combining,4095,1365,99,insert-paint,0.3326
combining,4095,1365,99,undo-paint,0.236
combining,4095,1365,100,insert-paint,0.3302
combining,4095,1365,100,undo-paint,0.2279
combining,4095,1365,101,insert-paint,0.366
combining,4095,1365,101,undo-paint,0.2706
combining,4095,1365,102,insert-paint,0.3388
combining,4095,1365,102,undo-paint,0.3489
combining,4095,1365,103,insert-paint,0.5368
combining,4095,1365,103,undo-paint,0.3379
combining,4095,1365,104,insert-paint,0.351
combining,4095,1365,104,undo-paint,0.2317
combining,4095,1365,105,insert-paint,0.3284
combining,4095,1365,105,undo-paint,0.2494
combining,4095,1365,106,insert-paint,0.3459
combining,4095,1365,106,undo-paint,0.2331
combining,4095,1365,107,insert-paint,0.3412
combining,4095,1365,107,undo-paint,0.2284
combining,4095,1365,108,insert-paint,0.3417
combining,4095,1365,108,undo-paint,0.2289
combining,4095,1365,109,insert-paint,0.3391
combining,4095,1365,109,undo-paint,0.2223
combining,4095,1365,110,insert-paint,0.3207
combining,4095,1365,110,undo-paint,0.2588
combining,4095,1365,111,insert-paint,0.5321
combining,4095,1365,111,undo-paint,0.4102
combining,4095,1365,112,insert-paint,0.3153
combining,4095,1365,112,undo-paint,0.2294
combining,4095,1365,113,insert-paint,0.3275
combining,4095,1365,113,undo-paint,0.2273
combining,4095,1365,114,insert-paint,0.3329
combining,4095,1365,114,undo-paint,0.2818
combining,4095,1365,115,insert-paint,0.3351
combining,4095,1365,115,undo-paint,0.2302
combining,4095,1365,116,insert-paint,0.3492
combining,4095,1365,116,undo-paint,0.2468
combining,4095,1365,117,insert-paint,0.3345
combining,4095,1365,117,undo-paint,0.241
combining,4095,1365,118,insert-paint,0.3349
combining,4095,1365,118,undo-paint,0.2454
combining,4095,1365,119,insert-paint,0.3427
combining,4095,1365,119,undo-paint,0.2269
combining,4095,1365,120,insert-paint,0.3331
combining,4095,1365,120,undo-paint,0.2275
combining,4095,1365,121,insert-paint,0.3476
combining,4095,1365,121,undo-paint,0.2327
combining,4095,1365,122,insert-paint,0.3573
combining,4095,1365,122,undo-paint,0.2274
combining,4095,1365,123,insert-paint,0.4176
combining,4095,1365,123,undo-paint,0.495
combining,4095,1365,124,insert-paint,0.3262
combining,4095,1365,124,undo-paint,0.2745
combining,4095,1365,125,insert-paint,0.3331
combining,4095,1365,125,undo-paint,0.2582
combining,4095,1365,126,insert-paint,0.361
combining,4095,1365,126,undo-paint,0.2544
combining,4095,1365,127,insert-paint,0.3492
combining,4095,1365,127,undo-paint,0.3893
combining,4095,1365,128,insert-paint,0.3313
combining,4095,1365,128,undo-paint,0.267
combining,4095,1365,129,insert-paint,0.331
combining,4095,1365,129,undo-paint,0.2611
combining,4095,1365,130,insert-paint,0.3252
combining,4095,1365,130,undo-paint,0.2661
combining,4095,1365,131,insert-paint,0.3515
combining,4095,1365,131,undo-paint,0.2237
combining,4095,1365,132,insert-paint,0.3438
combining,4095,1365,132,undo-paint,0.2498
combining,4095,1365,133,insert-paint,0.4665
combining,4095,1365,133,undo-paint,0.4144
combining,4095,1365,134,insert-paint,0.5006
combining,4095,1365,134,undo-paint,0.2265
combining,4095,1365,135,insert-paint,0.3394
combining,4095,1365,135,undo-paint,0.354
combining,4095,1365,136,insert-paint,0.3425
combining,4095,1365,136,undo-paint,0.3856
combining,4095,1365,137,insert-paint,0.3331
combining,4095,1365,137,undo-paint,0.2792
combining,4095,1365,138,insert-paint,0.377
combining,4095,1365,138,undo-paint,0.2648
combining,4095,1365,139,insert-paint,0.4465
combining,4095,1365,139,undo-paint,0.2978
combining,4095,1365,140,insert-paint,0.3652
combining,4095,1365,140,undo-paint,0.2509
combining,4095,1365,141,insert-paint,0.3233
combining,4095,1365,141,undo-paint,0.458
combining,4095,1365,142,insert-paint,0.366
combining,4095,1365,142,undo-paint,0.2536
combining,4095,1365,143,insert-paint,0.8544
combining,4095,1365,143,undo-paint,0.4231
combining,4095,1365,144,insert-paint,0.3734
combining,4095,1365,144,undo-paint,0.3453
combining,4095,1365,145,insert-paint,0.3439
combining,4095,1365,145,undo-paint,0.2311
combining,4095,1365,146,insert-paint,0.3457
combining,4095,1365,146,undo-paint,0.2425
combining,4095,1365,147,insert-paint,0.3436
combining,4095,1365,147,undo-paint,0.2306
combining,4095,1365,148,insert-paint,0.3546
combining,4095,1365,148,undo-paint,0.3523
combining,4095,1365,149,insert-paint,0.5167
combining,4095,1365,149,undo-paint,0.2701
combining,4095,1365,150,insert-paint,0.3605
combining,4095,1365,150,undo-paint,0.2543
combining,4095,1365,151,insert-paint,0.4211
combining,4095,1365,151,undo-paint,0.3977
combining,4095,1365,152,insert-paint,0.5256
combining,4095,1365,152,undo-paint,0.4079
combining,4095,1365,153,insert-paint,0.4577
combining,4095,1365,153,undo-paint,0.3897
combining,4095,1365,154,insert-paint,0.3277
combining,4095,1365,154,undo-paint,0.3008
combining,4095,1365,155,insert-paint,0.5025
combining,4095,1365,155,undo-paint,0.272
combining,4095,1365,156,insert-paint,0.4009
combining,4095,1365,156,undo-paint,0.2552
combining,4095,1365,157,insert-paint,0.3808
combining,4095,1365,157,undo-paint,0.2554
combining,4095,1365,158,insert-paint,0.5902
combining,4095,1365,158,undo-paint,0.389
combining,4095,1365,159,insert-paint,0.5196
combining,4095,1365,159,undo-paint,0.4156
combining,4095,1365,160,insert-paint,0.6352
combining,4095,1365,160,undo-paint,0.4169
combining,4095,1365,161,insert-paint,0.4918
combining,4095,1365,161,undo-paint,0.3878
combining,4095,1365,162,insert-paint,0.6883
combining,4095,1365,162,undo-paint,0.6745
combining,4095,1365,163,insert-paint,0.8212
combining,4095,1365,163,undo-paint,0.4475
combining,4095,1365,164,insert-paint,0.5462
combining,4095,1365,164,undo-paint,0.4156
combining,4095,1365,165,insert-paint,0.5103
combining,4095,1365,165,undo-paint,0.4043
combining,4095,1365,166,insert-paint,0.5134
combining,4095,1365,166,undo-paint,0.4012
combining,4095,1365,167,insert-paint,0.5167
combining,4095,1365,167,undo-paint,0.2605
combining,4095,1365,168,insert-paint,0.3463
combining,4095,1365,168,undo-paint,0.2943
combining,4095,1365,169,insert-paint,0.5088
combining,4095,1365,169,undo-paint,0.3972
combining,4095,1365,170,insert-paint,0.4467
combining,4095,1365,170,undo-paint,0.2676
combining,4095,1365,171,insert-paint,0.3333
combining,4095,1365,171,undo-paint,0.2361
combining,4095,1365,172,insert-paint,0.3575
combining,4095,1365,172,undo-paint,0.2522
combining,4095,1365,173,insert-paint,0.3557
combining,4095,1365,173,undo-paint,0.2418
combining,4095,1365,174,insert-paint,0.347
combining,4095,1365,174,undo-paint,0.2476
combining,4095,1365,175,insert-paint,0.3488
combining,4095,1365,175,undo-paint,0.3654
combining,4095,1365,176,insert-paint,0.4799
combining,4095,1365,176,undo-paint,0.4116
combining,4095,1365,177,insert-paint,0.4863
combining,4095,1365,177,undo-paint,0.3787
combining,4095,1365,178,insert-paint,0.5167
combining,4095,1365,178,undo-paint,0.2496
combining,4095,1365,179,insert-paint,0.4267
combining,4095,1365,179,undo-paint,0.4553
combining,4095,1365,180,insert-paint,0.5513
combining,4095,1365,180,undo-paint,0.4045
combining,4095,1365,181,insert-paint,0.5166
combining,4095,1365,181,undo-paint,0.3959
combining,4095,1365,182,insert-paint,0.5101
combining,4095,1365,182,undo-paint,0.3964
combining,4095,1365,183,insert-paint,0.4303
combining,4095,1365,183,undo-paint,0.5462
combining,4095,1365,184,insert-paint,0.6221
combining,4095,1365,184,undo-paint,0.3991
combining,4095,1365,185,insert-paint,0.5148
combining,4095,1365,185,undo-paint,0.3947
combining,4095,1365,186,insert-paint,0.4304
combining,4095,1365,186,undo-paint,0.3132
combining,4095,1365,187,insert-paint,0.4225
combining,4095,1365,187,undo-paint,0.2314
combining,4095,1365,188,insert-paint,0.3573
combining,4095,1365,188,undo-paint,0.3392
combining,4095,1365,189,insert-paint,0.3762
combining,4095,1365,189,undo-paint,0.2423
combining,4095,1365,190,insert-paint,0.3271
combining,4095,1365,190,undo-paint,0.2475
combining,4095,1365,191,insert-paint,0.3471
combining,4095,1365,191,undo-paint,0.3098
combining,4095,1365,192,insert-paint,0.6373
combining,4095,1365,192,undo-paint,0.4378
combining,4095,1365,193,insert-paint,0.6147
combining,4095,1365,193,undo-paint,0.408
combining,4095,1365,194,insert-paint,0.5367
combining,4095,1365,194,undo-paint,0.3946
combining,4095,1365,195,insert-paint,0.4089
combining,4095,1365,195,undo-paint,0.2865
combining,4095,1365,196,insert-paint,0.4045
combining,4095,1365,196,undo-paint,0.4339
combining,4095,1365,197,insert-paint,0.5735
combining,4095,1365,197,undo-paint,0.3995
combining,4095,1365,198,insert-paint,0.5393
combining,4095,1365,198,undo-paint,0.4239
combining,4095,1365,199,insert-paint,0.5445
combining,4095,1365,199,undo-paint,0.3145
