sample,milliseconds,initial_milliseconds,worst_slice_milliseconds,slices,paint_milliseconds
0,17.988300,1.795200,1.795200,11,0.004000
1,18.621300,1.757200,2.034600,11,0.004500
2,18.709700,1.758300,1.896200,11,0.004700
3,18.093600,1.834800,1.884500,11,0.004900
4,18.106400,1.855700,1.855700,11,0.006100
5,18.886400,1.787200,2.059200,11,0.006100
6,18.343500,1.791400,1.807700,11,0.004600
7,17.873000,1.744700,1.744700,11,0.004400
8,18.004400,1.726100,1.827400,11,0.004400
9,18.735700,1.769300,1.929200,11,0.004500
10,18.207300,1.760200,1.849400,11,0.005400
11,18.635900,1.890000,1.890000,11,0.007700
12,17.948700,1.742600,1.753300,11,0.005300
13,18.042500,1.730300,1.825000,11,0.004300
14,18.336600,1.769700,1.862900,11,0.005400
15,17.873200,1.758200,1.758200,11,0.004000
16,18.032200,1.736600,1.740400,11,0.005300
17,19.529600,1.791300,2.038800,11,0.006300
18,18.485300,1.788600,1.970500,11,0.005200
19,18.552500,1.772700,1.863500,11,0.004400
20,18.311900,1.997500,1.997500,11,0.005300
21,17.817000,1.749500,1.749500,11,0.004300
22,18.048900,1.759000,1.780600,11,0.005800
23,17.939300,1.745900,1.745900,11,0.004700
24,17.963400,1.765300,1.765300,11,0.004100
25,18.785400,1.839900,2.120400,11,0.006600
26,17.846200,1.752500,1.752500,11,0.005900
27,17.983300,1.770100,1.770100,11,0.005400
28,17.985500,1.730600,1.782200,11,0.006000
29,17.968400,1.752600,1.764700,11,0.004700
30,17.947700,1.746000,1.746000,11,0.004400
