sample,milliseconds
0,0.1576
1,0.4264
2,0.2159
3,0.1918
4,0.1864
5,0.1927
6,0.1818
7,0.1834
8,0.1865
9,0.1873
10,0.1924
11,0.1846
12,0.1846
13,0.1859
14,0.1857
15,0.1857
16,0.2017
17,0.1895
18,0.1919
19,0.1897
20,0.1865
21,0.1925
22,0.1924
23,0.1963
24,0.19
25,0.1891
26,0.1975
27,0.1899
28,0.1828
29,0.1796
30,0.1885
31,0.1921
32,0.185
33,0.1825
34,0.1858
35,0.1866
36,0.1859
37,0.1931
38,0.1894
39,0.1895
40,0.1841
41,0.1897
42,0.1928
43,0.1916
44,0.1917
45,0.1906
46,0.1905
47,0.1894
48,0.1908
49,0.1816
50,0.1731
51,0.1723
52,0.1749
53,0.1805
54,0.171
55,0.1751
56,0.1756
57,0.1766
58,0.18
59,0.1759
60,0.1739
61,0.1744
62,0.1755
63,0.1772
64,0.1785
65,0.1763
66,0.1745
67,0.1757
68,0.1758
69,0.1803
70,0.1769
71,0.1777
72,0.1628
73,0.1582
74,0.1561
75,0.164
76,0.1583
77,0.1584
78,0.1603
79,0.1586
80,0.1563
81,0.1562
82,0.1639
83,0.1565
84,0.158
85,0.158
86,0.1578
87,0.159
88,0.1627
89,0.1578
90,0.1614
91,0.1597
92,0.1627
93,0.2069
94,0.1827
95,0.197
96,0.2514
97,0.2227
98,0.2231
99,0.2026
100,0.1992
101,0.1808
102,0.1713
103,0.2015
104,0.1717
105,0.187
106,0.1707
107,0.1716
108,0.1873
109,0.1836
110,0.1772
111,0.1899
112,0.1748
113,0.1757
114,0.1923
115,0.1738
116,0.2156
117,0.1736
118,0.1674
119,0.1941
120,0.1679
121,0.1573
122,0.1875
123,0.1739
124,0.1631
125,0.1715
126,0.1591
127,0.1563
128,0.1655
129,0.1571
130,0.1585
131,0.1708
132,0.166
133,0.1621
134,0.167
135,0.1566
136,0.1579
137,0.2193
138,0.1614
139,0.2107
140,0.1578
141,0.1672
142,0.1591
143,0.1673
144,0.1592
145,0.1601
146,0.1586
147,0.1561
148,0.1597
149,0.167
150,0.1595
151,0.1562
152,0.1609
153,0.1584
154,0.1559
155,0.163
156,0.1644
157,0.1586
158,0.1597
159,0.1568
160,0.1579
161,0.1631
162,0.1633
163,0.1581
164,0.1593
165,0.1576
166,0.1568
167,0.1636
168,0.1635
169,0.1569
170,0.1592
171,0.1566
172,0.1563
173,0.1595
174,0.1663
175,0.1566
176,0.1599
177,0.1584
178,0.156
179,0.1586
180,0.1694
181,0.1583
182,0.1584
183,0.1597
184,0.1579
185,0.1561
186,0.1629
187,0.2145
188,0.3178
189,0.1666
190,0.1669
191,0.2759
192,0.2026
193,0.2121
194,0.1727
195,0.1689
196,0.1626
197,0.1693
198,0.1657
199,0.1571
200,0.174
201,0.1691
202,0.1641
203,0.1619
204,0.1792
205,0.1586
206,0.1591
207,0.1848
208,0.1781
209,0.161
210,0.1665
211,0.1567
212,0.1564
213,0.1698
214,0.1625
215,0.158
216,0.1649
217,0.1564
218,0.1561
219,0.1654
220,0.1614
221,0.1569
222,0.1647
223,0.1578
224,0.1585
225,0.1692
226,0.1637
227,0.1584
228,0.1582
229,0.2043
230,0.1609
231,0.1621
232,0.1676
233,0.1577
234,0.1585
235,0.1584
236,0.1668
237,0.16
238,0.1643
239,0.1569
240,0.1579
241,0.2618
242,0.1604
243,0.1603
244,0.1641
245,0.158
246,0.1587
247,0.1582
248,0.1562
249,0.1601
250,0.1665
251,0.1584
252,0.1608
253,0.1585
254,0.1575
255,0.1577
256,0.1794
257,0.1574
258,0.1576
259,0.1619
260,0.1584
261,0.1588
262,0.1664
263,0.1587
264,0.1579
265,0.1601
266,0.1563
267,0.1575
268,0.1604
269,0.1606
270,0.1599
271,0.1651
272,0.1593
273,0.1564
274,0.1594
275,0.1671
276,0.159
277,0.1627
278,0.1567
279,0.1564
280,0.1597
281,0.1607
282,0.1607
283,0.1615
284,0.1618
285,0.1586
286,0.1612
287,0.384
288,0.169
289,0.1697
290,0.1962
291,0.1687
292,0.1843
293,0.1718
294,0.1828
295,0.1726
296,0.1861
297,0.1901
298,0.1825
299,0.2131
300,0.1765
301,0.1572
302,0.1744
303,0.1585
304,0.1558
305,0.1664
306,0.1582
307,0.1583
308,0.1766
309,0.1712
310,0.157
311,0.1766
312,0.172
313,0.1588
314,0.1566
315,0.1711
316,0.177
317,0.1838
318,0.1566
319,0.1637
320,0.1643
321,0.1586
322,0.1564
323,0.1585
324,0.1891
325,0.1572
326,0.1628
327,0.166
328,0.1584
329,0.1561
330,0.1683
331,0.1588
332,0.1602
333,0.1583
334,0.156
335,0.1576
336,0.1569
337,0.1802
338,0.1605
339,0.1561
340,0.1667
341,0.1584
342,0.1558
343,0.1651
344,0.1574
345,0.1623
346,0.174
347,0.1585
348,0.1563
349,0.165
350,0.1582
351,0.1618
352,0.1661
353,0.1562
354,0.1563
355,0.1658
356,0.1563
357,0.1592
358,0.1646
359,0.1585
360,0.16
361,0.1824
362,0.1589
363,0.162
364,0.1643
365,0.1585
366,0.1586
367,0.165
368,0.1567
369,0.1624
370,0.1581
371,0.171
372,0.1579
373,0.1581
374,0.1647
375,0.1621
376,0.1683
377,0.1648
378,0.1563
379,0.1577
380,0.1891
381,0.1661
382,0.1584
383,0.1606
384,0.3021
385,0.1757
386,0.1598
387,0.1968
388,0.192
389,0.1907
390,0.1899
391,0.1973
392,0.1895
393,0.1907
394,0.191
395,0.1907
396,0.1947
397,0.1906
398,0.1877
399,0.1892
400,0.1892
401,0.1926
402,0.1901
403,0.1901
404,0.1882
405,0.1986
406,0.1952
407,0.1876
408,0.189
409,0.1896
410,0.1891
411,0.1942
412,0.1901
413,0.1872
414,0.1901
415,0.1898
416,0.1889
417,0.1956
418,0.1892
419,0.1897
420,0.1892
421,0.1896
422,0.1952
423,0.188
424,0.1912
425,0.1918
426,0.19
427,0.1966
428,0.1905
429,0.191
430,0.1899
431,0.19
432,0.1953
433,0.1908
434,0.1909
435,0.1882
436,0.1908
437,0.1941
438,0.1897
439,0.19
440,0.1868
441,0.1908
442,0.1962
443,0.193
444,0.1929
445,0.1919
446,0.1904
447,0.1863
448,0.1863
449,0.1801
450,0.1941
451,0.1954
452,0.1944
453,0.2006
454,0.1924
455,0.1939
456,0.1854
457,0.1754
458,0.1734
459,0.1724
460,0.1795
461,0.1826
462,0.1743
463,0.1777
464,0.192
465,0.1751
466,0.1784
467,0.1799
468,0.177
469,0.2035
470,0.1816
471,0.183
472,0.1816
473,0.1836
474,0.1831
475,0.1703
476,0.1617
477,0.1595
478,0.1658
479,0.1996
480,0.2056
481,0.1993
482,0.199
483,0.1992
484,0.1989
485,0.2028
486,0.1992
487,0.199
488,0.1998
489,0.1883
490,0.1911
491,0.1845
492,0.1824
493,0.1823
494,0.1799
495,0.1618
496,0.1564
497,0.1678
498,0.172
499,0.1573
500,0.1606
501,0.1588
502,0.1648
503,0.1649
504,0.16
505,0.158
506,0.1667
507,0.1666
508,0.1644
509,0.1615
510,0.1626
511,0.1591
512,0.1683
513,0.1835
514,0.1834
515,0.1819
516,0.1837
517,0.1851
518,0.1835
519,0.1901
520,0.1792
521,0.1843
522,0.1814
523,0.1831
524,0.1905
525,0.1825
526,0.1837
527,0.1857
528,0.1872
529,0.1914
530,0.1839
531,0.1847
532,0.184
533,0.1828
534,0.1827
535,0.1948
536,0.1811
537,0.1822
538,0.1822
539,0.1833
540,0.1901
541,0.1811
542,0.1827
543,0.1815
544,0.1819
545,0.1902
546,0.1823
547,0.1806
548,0.1813
549,0.1816
550,0.1798
551,0.1881
552,0.1836
553,0.1836
554,0.1829
555,0.1795
556,0.213
557,0.1613
558,0.1592
559,0.1584
560,0.1581
561,0.1587
562,0.1651
563,0.1844
564,0.1829
565,0.1813
566,0.1808
567,0.1879
568,0.1822
569,0.18
570,0.246
571,0.1806
572,0.1925
573,0.1811
574,0.3672
575,0.1682
576,0.3044
577,0.1786
578,0.1659
579,0.1591
580,0.1607
581,0.2439
582,0.1592
583,0.1606
584,0.1585
585,0.1563
586,0.1603
587,0.1568
588,0.1627
589,0.1602
590,0.1586
591,0.1581
592,0.1666
593,0.1568
594,0.1617
595,0.1612
596,0.1626
597,0.1573
598,0.1607
599,0.1561
600,0.1615
601,0.1583
602,0.1643
603,0.1581
604,0.1583
605,0.1606
606,0.1602
607,0.1577
608,0.1635
609,0.1566
610,0.1579
611,0.1594
612,0.1573
613,0.1626
614,0.1624
615,0.1573
616,0.1583
617,0.1611
618,0.1586
619,0.162
620,0.159
621,0.1565
622,0.1568
623,0.1599
624,0.1624
625,0.1632
626,0.1601
627,0.1584
628,0.1584
629,0.1564
630,0.1638
631,0.1639
632,0.1581
633,0.1591
634,0.1587
635,0.1571
636,0.1677
637,0.1662
638,0.157
639,0.1599
640,0.1573
641,0.1578
642,0.1616
643,0.1582
644,0.1623
645,0.1623
646,0.1586
647,0.1584
648,0.1598
649,0.1566
650,0.1619
651,0.1634
652,0.1609
653,0.1581
654,0.1596
655,0.1567
656,0.1627
657,0.1598
658,0.1582
659,0.1558
660,0.1568
661,0.4902
662,0.1995
663,0.175
664,0.2139
665,0.1937
666,0.1938
667,0.1866
668,0.18
669,0.1916
670,0.193
671,0.1956
672,0.1963
673,0.1874
674,0.1862
675,0.1884
676,0.1994
677,0.1867
678,0.1896
679,0.1913
680,0.1957
681,0.2032
682,0.2141
683,0.1983
684,0.1945
685,0.1952
686,0.1998
687,0.1903
688,0.1705
689,0.1685
690,0.1723
691,0.1702
692,0.1567
693,0.1633
694,0.1608
695,0.1585
696,0.1582
697,0.1562
698,0.1635
699,0.1584
700,0.1578
701,0.1584
702,0.1564
703,0.158
704,0.1697
705,0.1622
706,0.1592
707,0.1573
708,0.1559
709,0.1584
710,0.1626
711,0.1563
712,0.1585
713,0.1582
714,0.1579
715,0.1796
716,0.1631
717,0.163
718,0.172
719,0.159
720,0.1565
721,0.1601
722,0.1631
723,0.1582
724,0.1594
725,0.1594
726,0.1568
727,0.1603
728,0.163
729,0.1576
730,0.1603
731,0.1566
732,0.1584
733,0.1586
734,0.1586
735,0.1623
736,0.1596
737,0.1584
738,0.1562
739,0.1597
740,0.156
741,0.1718
742,0.1564
743,0.1562
744,0.1568
745,0.1581
746,0.1579
747,0.1611
748,0.158
749,0.1589
750,0.1564
751,0.1561
752,0.1603
753,0.1619
754,0.158
755,0.1683
756,0.1861
757,0.1981
758,0.2041
759,0.1996
760,0.1688
761,0.1598
762,0.1592
763,0.1584
764,0.1628
765,0.1587
766,0.1591
767,0.1582
768,0.1582
769,0.1556
770,0.1627
771,0.1592
772,0.1584
773,0.158
774,0.1579
775,0.1595
776,0.1565
777,0.1603
778,0.1593
779,0.1584
780,0.1581
781,0.1594
782,0.1562
783,0.1611
784,0.158
785,0.1562
786,0.1568
787,0.1559
788,0.1584
789,0.1634
790,0.1582
791,0.1567
792,0.1585
793,0.1565
794,0.1594
795,0.1565
796,0.1618
797,0.157
798,0.1565
799,0.156
800,0.1583
801,0.1582
802,0.1618
803,0.1615
804,0.1576
805,0.158
806,0.1581
807,0.1582
808,0.1623
809,0.1579
810,0.1561
811,0.1566
812,0.1576
813,0.1602
814,0.1625
815,0.1573
816,0.1582
817,0.158
818,0.1559
819,0.161
820,0.1567
821,0.1628
822,0.1596
823,0.1585
824,0.1564
825,0.1582
826,0.1563
827,0.1629
828,0.1597
829,0.1584
830,0.1584
831,0.197
832,0.2389
833,0.1859
834,0.1602
835,0.1701
836,0.1586
837,0.1592
838,0.1618
839,0.1562
840,0.1567
841,0.1582
842,0.1578
843,0.1581
844,0.1563
845,0.1613
846,0.1585
847,0.1568
848,0.1563
849,0.1815
850,0.1714
851,0.1664
852,0.1629
853,0.1593
854,0.1571
855,0.1588
856,0.1591
857,0.1721
858,0.1576
859,0.169
860,0.3203
861,0.1755
862,0.188
863,0.201
864,0.1697
865,0.1596
866,0.1949
867,0.1868
868,0.1809
869,0.1831
870,0.182
871,0.182
872,0.1908
873,0.1833
874,0.182
875,0.1842
876,0.1994
877,0.19
878,0.1825
879,0.181
880,0.1845
881,0.1822
882,0.1815
883,0.3425
884,0.1822
885,0.1594
886,0.2732
887,0.1669
888,0.1626
889,0.1589
890,0.367
891,0.1646
892,0.2141
893,0.2178
894,0.1586
895,0.2037
896,0.2387
897,0.1576
898,0.1563
899,0.1563
900,0.158
901,0.1618
902,0.163
903,0.2006
904,0.1624
905,0.1568
906,0.1563
907,0.1604
908,0.1565
909,0.1622
910,0.2023
911,0.1594
912,0.1585
913,0.1625
914,0.1618
915,0.1617
916,0.1595
917,0.1587
918,0.1584
919,0.1597
920,0.1565
921,0.1609
922,0.1584
923,0.1614
924,0.1585
925,0.1581
926,0.1586
927,0.1622
928,0.156
929,0.1637
930,0.1583
931,0.158
932,0.1586
933,0.1619
934,0.1587
935,0.21
936,0.1631
937,0.1593
938,0.1639
939,0.1697
940,0.155
941,0.1524
942,0.152
943,0.1716
944,0.1587
945,0.161
946,0.157
947,0.1694
948,0.1572
949,0.1584
950,0.1596
951,0.1702
952,0.1698
953,0.2547
954,0.1964
955,0.1895
956,0.1822
957,0.1581
958,0.1589
959,0.1582
960,0.1583
961,0.1675
962,0.1592
963,0.1641
964,0.1583
965,0.1582
966,0.1585
967,0.1582
968,0.1576
969,0.1646
970,0.1842
971,0.2116
972,0.1809
973,0.1992
974,0.176
975,0.1945
976,0.1718
977,0.1773
978,0.1904
979,0.1847
980,0.1663
981,0.1804
982,0.1713
983,0.1578
984,0.1743
985,0.182
986,0.1676
987,0.1732
988,0.1594
989,0.1567
990,0.2002
991,0.1665
992,0.1606
993,0.1617
994,0.1587
995,0.1616
996,0.1669
997,0.1628
998,0.1583
999,0.1587
