fixture,trial,slice,direction,milliseconds
ascii,0,0,1,0.440700
ascii,0,1,1,5.854800
ascii,0,2,1,7.075400
ascii,0,3,1,7.417900
ascii,0,4,1,7.110800
ascii,0,5,1,7.113000
ascii,0,6,1,6.934400
ascii,0,7,1,7.073900
ascii,0,8,1,6.916500
ascii,0,9,1,7.034200
ascii,0,10,1,7.070700
ascii,0,11,1,7.161600
ascii,0,12,1,6.715700
ascii,0,13,1,6.699300
ascii,0,14,1,6.726900
ascii,0,15,1,6.665200
ascii,0,16,1,6.697800
ascii,0,17,1,6.431100
ascii,0,18,1,6.788700
ascii,0,19,1,6.550000
ascii,0,20,1,6.830100
ascii,0,21,1,7.634400
ascii,0,22,1,6.835900
ascii,0,23,1,6.888700
ascii,0,24,1,6.795900
ascii,0,25,1,6.785600
ascii,0,26,1,6.853000
ascii,0,27,1,6.784200
ascii,0,28,1,6.834500
ascii,0,29,1,6.889600
ascii,0,30,1,6.896000
ascii,0,31,1,6.938900
ascii,0,32,1,6.520600
ascii,0,33,1,6.821700
ascii,0,34,1,6.378100
ascii,0,35,1,6.641200
ascii,0,36,1,6.737200
ascii,0,37,1,6.494700
ascii,0,38,1,6.431500
ascii,0,39,1,6.248900
ascii,0,40,1,6.087900
ascii,0,41,1,5.833900
ascii,0,42,1,5.966900
ascii,0,43,1,5.815400
ascii,0,44,1,5.510800
ascii,0,45,1,5.669100
ascii,0,46,1,5.491800
ascii,0,47,1,5.616200
ascii,0,48,1,5.688000
ascii,0,49,1,5.496500
ascii,0,50,1,6.109700
ascii,0,51,1,5.485300
ascii,0,52,1,5.288100
ascii,0,53,1,5.234900
ascii,0,54,1,5.485400
ascii,0,55,1,5.586800
ascii,0,56,1,5.851900
ascii,0,57,1,5.281200
ascii,0,58,1,5.387300
ascii,0,59,1,5.832200
ascii,0,60,1,5.168100
ascii,0,61,1,5.315700
ascii,0,62,1,2.600900
ascii,0,63,2,0.365100
ascii,0,64,2,4.562300
ascii,0,65,2,5.509500
ascii,0,66,2,5.450600
ascii,0,67,2,5.274000
ascii,0,68,2,5.408700
ascii,0,69,2,5.492300
ascii,0,70,2,5.282400
ascii,0,71,2,5.408000
ascii,0,72,2,5.297700
ascii,0,73,2,5.468400
ascii,0,74,2,5.409800
ascii,0,75,2,5.338900
ascii,0,76,2,5.607200
ascii,0,77,2,5.274400
ascii,0,78,2,5.442800
ascii,0,79,2,5.300900
ascii,0,80,2,5.393100
ascii,0,81,2,5.526300
ascii,0,82,2,5.284800
ascii,0,83,2,5.466900
ascii,0,84,2,5.265800
ascii,0,85,2,5.286900
ascii,0,86,2,5.468200
ascii,0,87,2,5.260100
ascii,0,88,2,5.269400
ascii,0,89,2,5.301400
ascii,0,90,2,5.476700
ascii,0,91,2,5.408700
ascii,0,92,2,5.327000
ascii,0,93,2,5.294500
ascii,0,94,2,5.280700
ascii,0,95,2,5.530900
ascii,0,96,2,5.390900
ascii,0,97,2,5.285100
ascii,0,98,2,5.435700
ascii,0,99,2,5.287800
ascii,0,100,2,5.276900
ascii,0,101,2,5.709400
ascii,0,102,2,5.402100
ascii,0,103,2,5.386100
ascii,0,104,2,5.490200
ascii,0,105,2,5.438500
ascii,0,106,2,5.380000
ascii,0,107,2,5.419700
ascii,0,108,2,5.620400
ascii,0,109,2,5.281300
ascii,0,110,2,5.464500
ascii,0,111,2,5.306600
ascii,0,112,2,7.578200
ascii,0,113,2,5.433200
ascii,0,114,2,5.287800
ascii,0,115,2,5.491800
ascii,0,116,2,5.610900
ascii,0,117,2,5.262700
ascii,0,118,2,5.407500
ascii,0,119,2,5.437000
ascii,0,120,2,5.393300
ascii,0,121,2,5.398500
ascii,0,122,2,5.257700
ascii,0,123,2,5.400800
ascii,0,124,2,5.299500
ascii,0,125,2,2.794100
ascii,1,0,1,0.400700
ascii,1,1,1,4.249500
ascii,1,2,1,5.913200
ascii,1,3,1,5.036500
ascii,1,4,1,5.025500
ascii,1,5,1,5.165700
ascii,1,6,1,5.034200
ascii,1,7,1,5.141600
ascii,1,8,1,5.085600
ascii,1,9,1,5.212900
ascii,1,10,1,5.147900
ascii,1,11,1,6.548500
ascii,1,12,1,5.453000
ascii,1,13,1,5.017000
ascii,1,14,1,5.237300
ascii,1,15,1,5.071200
ascii,1,16,1,5.090500
ascii,1,17,1,5.260200
ascii,1,18,1,5.040600
ascii,1,19,1,5.051600
ascii,1,20,1,5.050800
ascii,1,21,1,5.026100
ascii,1,22,1,5.189200
ascii,1,23,1,5.100200
ascii,1,24,1,5.134800
ascii,1,25,1,5.026000
ascii,1,26,1,5.266900
ascii,1,27,1,5.196200
ascii,1,28,1,5.026600
ascii,1,29,1,5.234800
ascii,1,30,1,5.019600
ascii,1,31,1,5.203200
ascii,1,32,1,6.560400
ascii,1,33,1,6.474200
ascii,1,34,1,6.220100
ascii,1,35,1,5.633900
ascii,1,36,1,5.288400
ascii,1,37,1,5.211800
ascii,1,38,1,9.362600
ascii,1,39,1,8.382700
ascii,1,40,1,5.106500
ascii,1,41,1,5.165800
ascii,1,42,1,5.127400
ascii,1,43,1,5.020000
ascii,1,44,1,5.079200
ascii,1,45,1,5.094400
ascii,1,46,1,5.207900
ascii,1,47,1,5.034300
ascii,1,48,1,5.100300
ascii,1,49,1,5.493700
ascii,1,50,1,5.068000
ascii,1,51,1,5.222000
ascii,1,52,1,5.023800
ascii,1,53,1,5.024000
ascii,1,54,1,5.128600
ascii,1,55,1,5.116200
ascii,1,56,1,5.151100
ascii,1,57,1,5.059000
ascii,1,58,1,5.014900
ascii,1,59,1,5.201100
ascii,1,60,1,5.103900
ascii,1,61,1,5.171100
ascii,1,62,1,2.527500
ascii,1,63,2,0.365000
ascii,1,64,2,4.367900
ascii,1,65,2,5.333200
ascii,1,66,2,5.256100
ascii,1,67,2,5.349500
ascii,1,68,2,5.379500
ascii,1,69,2,5.256000
ascii,1,70,2,5.255800
ascii,1,71,2,5.381000
ascii,1,72,2,5.251400
ascii,1,73,2,5.332900
ascii,1,74,2,5.401100
ascii,1,75,2,5.282700
ascii,1,76,2,5.356600
ascii,1,77,2,5.297300
ascii,1,78,2,5.411300
ascii,1,79,2,5.243600
ascii,1,80,2,6.130400
ascii,1,81,2,5.247300
ascii,1,82,2,5.345800
ascii,1,83,2,5.377700
ascii,1,84,2,5.219500
ascii,1,85,2,5.371700
ascii,1,86,2,5.339100
ascii,1,87,2,5.251800
ascii,1,88,2,5.270500
ascii,1,89,2,5.242600
ascii,1,90,2,5.509300
ascii,1,91,2,5.348900
ascii,1,92,2,5.406700
ascii,1,93,2,5.310500
ascii,1,94,2,5.288800
ascii,1,95,2,5.344500
ascii,1,96,2,5.275800
ascii,1,97,2,5.462400
ascii,1,98,2,5.275000
ascii,1,99,2,5.268500
ascii,1,100,2,5.474100
ascii,1,101,2,5.253000
ascii,1,102,2,5.365800
ascii,1,103,2,5.303900
ascii,1,104,2,5.238400
ascii,1,105,2,5.234800
ascii,1,106,2,5.258200
ascii,1,107,2,5.542000
ascii,1,108,2,5.286100
ascii,1,109,2,6.376300
ascii,1,110,2,5.638100
ascii,1,111,2,5.284000
ascii,1,112,2,5.443800
ascii,1,113,2,5.528600
ascii,1,114,2,5.445900
ascii,1,115,2,5.471100
ascii,1,116,2,5.417500
ascii,1,117,2,5.296700
ascii,1,118,2,5.279800
ascii,1,119,2,5.614100
ascii,1,120,2,5.308500
ascii,1,121,2,5.301800
ascii,1,122,2,5.510000
ascii,1,123,2,5.365800
ascii,1,124,2,5.447300
ascii,1,125,2,2.777300
ascii,2,0,1,0.398800
ascii,2,1,1,4.464000
ascii,2,2,1,5.479700
ascii,2,3,1,5.055500
ascii,2,4,1,5.509700
ascii,2,5,1,5.017100
ascii,2,6,1,5.148600
ascii,2,7,1,5.181700
ascii,2,8,1,5.078600
ascii,2,9,1,5.050500
ascii,2,10,1,5.142400
ascii,2,11,1,5.149400
ascii,2,12,1,5.021600
ascii,2,13,1,4.984500
ascii,2,14,1,5.214000
ascii,2,15,1,5.011800
ascii,2,16,1,5.220900
ascii,2,17,1,5.070200
ascii,2,18,1,5.038800
ascii,2,19,1,5.146200
ascii,2,20,1,5.221100
ascii,2,21,1,5.012300
ascii,2,22,1,5.012400
ascii,2,23,1,5.222000
ascii,2,24,1,5.133900
ascii,2,25,1,4.998700
ascii,2,26,1,5.351400
ascii,2,27,1,4.997800
ascii,2,28,1,5.004500
ascii,2,29,1,5.131200
ascii,2,30,1,5.001700
ascii,2,31,1,5.001000
ascii,2,32,1,5.022700
ascii,2,33,1,4.988500
ascii,2,34,1,5.031300
ascii,2,35,1,5.300400
ascii,2,36,1,5.200900
ascii,2,37,1,5.023500
ascii,2,38,1,5.292400
ascii,2,39,1,5.020400
ascii,2,40,1,5.017900
ascii,2,41,1,5.292700
ascii,2,42,1,5.034100
ascii,2,43,1,5.197600
ascii,2,44,1,5.109600
ascii,2,45,1,5.158000
ascii,2,46,1,5.010500
ascii,2,47,1,5.084800
ascii,2,48,1,5.207800
ascii,2,49,1,4.985300
ascii,2,50,1,5.302200
ascii,2,51,1,5.028700
ascii,2,52,1,4.993700
ascii,2,53,1,5.596900
ascii,2,54,1,5.306000
ascii,2,55,1,5.127500
ascii,2,56,1,5.197300
ascii,2,57,1,5.092100
ascii,2,58,1,5.174800
ascii,2,59,1,5.070700
ascii,2,60,1,5.168100
ascii,2,61,1,5.001300
ascii,2,62,1,2.547300
ascii,2,63,2,0.363800
ascii,2,64,2,4.407000
ascii,2,65,2,5.428200
ascii,2,66,2,5.368000
ascii,2,67,2,6.036400
ascii,2,68,2,5.346800
ascii,2,69,2,5.258900
ascii,2,70,2,5.838500
ascii,2,71,2,5.250300
ascii,2,72,2,5.266600
ascii,2,73,2,5.457600
ascii,2,74,2,5.250400
ascii,2,75,2,5.393200
ascii,2,76,2,5.240900
ascii,2,77,2,5.251100
ascii,2,78,2,5.832400
ascii,2,79,2,6.799100
ascii,2,80,2,5.397200
ascii,2,81,2,5.310000
ascii,2,82,2,5.332300
ascii,2,83,2,5.382900
ascii,2,84,2,5.311600
ascii,2,85,2,5.334900
ascii,2,86,2,5.236900
ascii,2,87,2,5.442200
ascii,2,88,2,5.252700
ascii,2,89,2,5.242500
ascii,2,90,2,5.287700
ascii,2,91,2,5.263200
ascii,2,92,2,5.453100
ascii,2,93,2,5.262400
ascii,2,94,2,5.259200
ascii,2,95,2,5.386100
ascii,2,96,2,5.247600
ascii,2,97,2,5.359600
ascii,2,98,2,5.289800
ascii,2,99,2,5.310100
ascii,2,100,2,5.406600
ascii,2,101,2,5.367400
ascii,2,102,2,5.375900
ascii,2,103,2,5.259000
ascii,2,104,2,5.499900
ascii,2,105,2,6.050700
ascii,2,106,2,5.287500
ascii,2,107,2,5.748000
ascii,2,108,2,5.379000
ascii,2,109,2,5.422400
ascii,2,110,2,6.223600
ascii,2,111,2,5.283100
ascii,2,112,2,5.370100
ascii,2,113,2,5.308800
ascii,2,114,2,5.359100
ascii,2,115,2,5.258400
ascii,2,116,2,6.251900
ascii,2,117,2,5.328200
ascii,2,118,2,5.268500
ascii,2,119,2,5.382200
ascii,2,120,2,5.274500
ascii,2,121,2,5.390000
ascii,2,122,2,5.283000
ascii,2,123,2,5.272500
ascii,2,124,2,5.457800
ascii,2,125,2,2.758800
ascii,3,0,1,0.402500
ascii,3,1,1,4.388800
ascii,3,2,1,5.177000
ascii,3,3,1,5.110400
ascii,3,4,1,5.010400
ascii,3,5,1,5.024100
ascii,3,6,1,5.185400
ascii,3,7,1,5.006200
ascii,3,8,1,5.489000
ascii,3,9,1,5.154000
ascii,3,10,1,5.028200
ascii,3,11,1,5.350600
ascii,3,12,1,5.096300
ascii,3,13,1,5.131800
ascii,3,14,1,5.247600
ascii,3,15,1,5.150900
ascii,3,16,1,5.180900
ascii,3,17,1,5.136200
ascii,3,18,1,5.205200
ascii,3,19,1,5.082800
ascii,3,20,1,5.025000
ascii,3,21,1,5.041200
ascii,3,22,1,5.057300
ascii,3,23,1,5.202800
ascii,3,24,1,5.089300
ascii,3,25,1,5.204200
ascii,3,26,1,5.376400
ascii,3,27,1,5.111200
ascii,3,28,1,5.242400
ascii,3,29,1,5.024300
ascii,3,30,1,5.211300
ascii,3,31,1,5.025600
ascii,3,32,1,5.023000
ascii,3,33,1,5.263100
ascii,3,34,1,5.059600
ascii,3,35,1,5.234600
ascii,3,36,1,5.059900
ascii,3,37,1,5.095800
ascii,3,38,1,5.253600
ascii,3,39,1,5.870800
ascii,3,40,1,5.494300
ascii,3,41,1,5.015200
ascii,3,42,1,5.227100
ascii,3,43,1,5.047300
ascii,3,44,1,5.041600
ascii,3,45,1,5.260200
ascii,3,46,1,5.039600
ascii,3,47,1,5.033900
ascii,3,48,1,5.042900
ascii,3,49,1,5.035600
ascii,3,50,1,5.171300
ascii,3,51,1,5.069500
ascii,3,52,1,5.143300
ascii,3,53,1,5.153500
ascii,3,54,1,5.138200
ascii,3,55,1,5.038500
ascii,3,56,1,5.085100
ascii,3,57,1,5.303600
ascii,3,58,1,5.034900
ascii,3,59,1,5.037400
ascii,3,60,1,5.079700
ascii,3,61,1,5.063900
ascii,3,62,1,2.554000
ascii,3,63,2,0.365100
ascii,3,64,2,4.554200
ascii,3,65,2,5.351700
ascii,3,66,2,5.387600
ascii,3,67,2,5.551100
ascii,3,68,2,5.466800
ascii,3,69,2,5.478400
ascii,3,70,2,5.312100
ascii,3,71,2,5.332600
ascii,3,72,2,5.293900
ascii,3,73,2,5.319300
ascii,3,74,2,5.518200
ascii,3,75,2,5.307800
ascii,3,76,2,5.504700
ascii,3,77,2,5.459900
ascii,3,78,2,5.346200
ascii,3,79,2,5.502200
ascii,3,80,2,5.818800
ascii,3,81,2,5.397300
ascii,3,82,2,5.426900
ascii,3,83,2,5.438700
ascii,3,84,2,5.472600
ascii,3,85,2,5.662200
ascii,3,86,2,5.391500
ascii,3,87,2,5.297700
ascii,3,88,2,5.478700
ascii,3,89,2,5.417000
ascii,3,90,2,5.284100
ascii,3,91,2,5.575000
ascii,3,92,2,5.436400
ascii,3,93,2,5.422400
ascii,3,94,2,5.391000
ascii,3,95,2,5.286900
ascii,3,96,2,5.373900
ascii,3,97,2,5.312600
ascii,3,98,2,5.436000
ascii,3,99,2,5.252500
ascii,3,100,2,5.300800
ascii,3,101,2,5.277200
ascii,3,102,2,5.283800
ascii,3,103,2,5.506300
ascii,3,104,2,5.285300
ascii,3,105,2,5.403600
ascii,3,106,2,5.489500
ascii,3,107,2,5.371900
ascii,3,108,2,5.589800
ascii,3,109,2,5.293400
ascii,3,110,2,5.529500
ascii,3,111,2,5.324600
ascii,3,112,2,5.274800
ascii,3,113,2,5.417100
ascii,3,114,2,5.326400
ascii,3,115,2,5.391000
ascii,3,116,2,5.385100
ascii,3,117,2,5.379500
ascii,3,118,2,5.381100
ascii,3,119,2,5.275300
ascii,3,120,2,5.803200
ascii,3,121,2,5.265600
ascii,3,122,2,5.414100
ascii,3,123,2,5.304500
ascii,3,124,2,5.287300
ascii,3,125,2,2.640900
ascii,4,0,1,0.394100
ascii,4,1,1,4.366400
ascii,4,2,1,5.363800
ascii,4,3,1,5.040200
ascii,4,4,1,5.227000
ascii,4,5,1,5.220100
ascii,4,6,1,5.041600
ascii,4,7,1,5.219500
ascii,4,8,1,5.080700
ascii,4,9,1,5.073500
ascii,4,10,1,5.048700
ascii,4,11,1,5.899100
ascii,4,12,1,5.161000
ascii,4,13,1,5.048900
ascii,4,14,1,5.238800
ascii,4,15,1,5.028200
ascii,4,16,1,5.170500
ascii,4,17,1,5.199200
ascii,4,18,1,5.024400
ascii,4,19,1,5.219500
ascii,4,20,1,5.989600
ascii,4,21,1,5.204000
ascii,4,22,1,5.121300
ascii,4,23,1,5.258500
ascii,4,24,1,5.153700
ascii,4,25,1,5.058300
ascii,4,26,1,5.022600
ascii,4,27,1,5.037900
ascii,4,28,1,5.179700
ascii,4,29,1,5.081600
ascii,4,30,1,5.025300
ascii,4,31,1,5.117700
ascii,4,32,1,5.085800
ascii,4,33,1,5.035100
ascii,4,34,1,4.987500
ascii,4,35,1,5.229100
ascii,4,36,1,5.038600
ascii,4,37,1,5.279300
ascii,4,38,1,5.056700
ascii,4,39,1,5.026500
ascii,4,40,1,5.148200
ascii,4,41,1,5.098300
ascii,4,42,1,5.150600
ascii,4,43,1,5.031000
ascii,4,44,1,5.171600
ascii,4,45,1,5.029400
ascii,4,46,1,5.152400
ascii,4,47,1,5.274500
ascii,4,48,1,5.075400
ascii,4,49,1,5.161300
ascii,4,50,1,5.044200
ascii,4,51,1,5.216400
ascii,4,52,1,5.067100
ascii,4,53,1,5.291200
ascii,4,54,1,5.041400
ascii,4,55,1,5.043200
ascii,4,56,1,5.378000
ascii,4,57,1,5.055800
ascii,4,58,1,5.211200
ascii,4,59,1,5.180800
ascii,4,60,1,5.206800
ascii,4,61,1,5.014800
ascii,4,62,1,2.552100
ascii,4,63,2,0.364200
ascii,4,64,2,4.454400
ascii,4,65,2,5.482300
ascii,4,66,2,5.259200
ascii,4,67,2,5.678900
ascii,4,68,2,5.268400
ascii,4,69,2,5.281700
ascii,4,70,2,6.054400
ascii,4,71,2,5.410300
ascii,4,72,2,5.509900
ascii,4,73,2,5.247300
ascii,4,74,2,5.277400
ascii,4,75,2,5.323100
ascii,4,76,2,5.263500
ascii,4,77,2,5.611200
ascii,4,78,2,5.311400
ascii,4,79,2,5.399500
ascii,4,80,2,5.276900
ascii,4,81,2,5.401800
ascii,4,82,2,5.262000
ascii,4,83,2,5.261000
ascii,4,84,2,5.486800
ascii,4,85,2,5.258500
ascii,4,86,2,5.400100
ascii,4,87,2,5.299800
ascii,4,88,2,5.381300
ascii,4,89,2,5.272300
ascii,4,90,2,5.455800
ascii,4,91,2,5.377900
ascii,4,92,2,5.417600
ascii,4,93,2,5.473500
ascii,4,94,2,5.300200
ascii,4,95,2,5.475700
ascii,4,96,2,5.328900
ascii,4,97,2,5.454600
ascii,4,98,2,5.303500
ascii,4,99,2,5.296800
ascii,4,100,2,5.460900
ascii,4,101,2,5.338900
ascii,4,102,2,5.291500
ascii,4,103,2,5.303800
ascii,4,104,2,5.309400
ascii,4,105,2,5.300900
ascii,4,106,2,5.308500
ascii,4,107,2,5.476700
ascii,4,108,2,5.431100
ascii,4,109,2,5.474600
ascii,4,110,2,5.413100
ascii,4,111,2,5.555100
ascii,4,112,2,5.319000
ascii,4,113,2,5.490100
ascii,4,114,2,5.287800
ascii,4,115,2,5.289700
ascii,4,116,2,5.552200
ascii,4,117,2,5.310400
ascii,4,118,2,5.300400
ascii,4,119,2,5.357100
ascii,4,120,2,5.475900
ascii,4,121,2,5.279900
ascii,4,122,2,5.338800
ascii,4,123,2,5.418200
ascii,4,124,2,5.303500
ascii,4,125,2,2.676200
unicode,0,0,1,0.048700
unicode,0,1,1,2.597500
unicode,0,2,1,3.214700
unicode,0,3,1,3.187200
unicode,0,4,1,3.201400
unicode,0,5,1,3.230300
unicode,0,6,1,3.095400
unicode,0,7,1,3.092600
unicode,0,8,1,3.174700
unicode,0,9,1,3.220300
unicode,0,10,1,3.186300
unicode,0,11,1,3.138900
unicode,0,12,1,3.192000
unicode,0,13,1,3.207900
unicode,0,14,1,3.223700
unicode,0,15,1,3.089100
unicode,0,16,1,3.109700
unicode,0,17,1,3.179200
unicode,0,18,1,3.101100
unicode,0,19,1,3.289200
unicode,0,20,1,3.116000
unicode,0,21,1,3.105400
unicode,0,22,1,3.114700
unicode,0,23,1,3.209000
unicode,0,24,1,3.197200
unicode,0,25,1,3.124500
unicode,0,26,1,3.185700
unicode,0,27,1,3.208700
unicode,0,28,1,3.098300
unicode,0,29,1,3.192000
unicode,0,30,1,3.143200
unicode,0,31,1,3.211000
unicode,0,32,1,3.102100
unicode,0,33,1,3.201700
unicode,0,34,1,3.128500
unicode,0,35,1,3.100800
unicode,0,36,1,3.213600
unicode,0,37,1,3.194300
unicode,0,38,1,3.176700
unicode,0,39,1,3.169100
unicode,0,40,1,3.205800
unicode,0,41,1,3.251700
unicode,0,42,1,3.188600
unicode,0,43,1,3.160400
unicode,0,44,1,3.262600
unicode,0,45,1,3.224600
unicode,0,46,1,3.192200
unicode,0,47,1,3.181400
unicode,0,48,1,3.133300
unicode,0,49,1,3.886500
unicode,0,50,1,3.203200
unicode,0,51,1,3.266100
unicode,0,52,1,3.217300
unicode,0,53,1,3.104200
unicode,0,54,1,3.235300
unicode,0,55,1,3.200700
unicode,0,56,1,3.209700
unicode,0,57,1,3.157900
unicode,0,58,1,3.586700
unicode,0,59,1,3.086400
unicode,0,60,1,3.236000
unicode,0,61,1,3.205600
unicode,0,62,1,1.584900
unicode,0,63,2,0.041300
unicode,0,64,2,2.707100
unicode,0,65,2,3.365500
unicode,0,66,2,3.147400
unicode,0,67,2,3.096500
unicode,0,68,2,3.086900
unicode,0,69,2,3.188800
unicode,0,70,2,3.150700
unicode,0,71,2,3.161600
unicode,0,72,2,3.103200
unicode,0,73,2,3.108200
unicode,0,74,2,3.185900
unicode,0,75,2,3.206900
unicode,0,76,2,3.152700
unicode,0,77,2,3.081600
unicode,0,78,2,3.096600
unicode,0,79,2,3.099000
unicode,0,80,2,3.245400
unicode,0,81,2,3.111600
unicode,0,82,2,3.154300
unicode,0,83,2,3.095300
unicode,0,84,2,3.168100
unicode,0,85,2,3.147800
unicode,0,86,2,3.094500
unicode,0,87,2,3.171300
unicode,0,88,2,3.125600
unicode,0,89,2,3.106100
unicode,0,90,2,3.196800
unicode,0,91,2,3.198400
unicode,0,92,2,3.092000
unicode,0,93,2,3.144600
unicode,0,94,2,3.098000
unicode,0,95,2,3.250200
unicode,0,96,2,3.094100
unicode,0,97,2,3.108700
unicode,0,98,2,3.100600
unicode,0,99,2,3.095000
unicode,0,100,2,3.128400
unicode,0,101,2,3.107600
unicode,0,102,2,3.175400
unicode,0,103,2,3.116100
unicode,0,104,2,3.196200
unicode,0,105,2,3.177700
unicode,0,106,2,3.164500
unicode,0,107,2,3.202100
unicode,0,108,2,3.154600
unicode,0,109,2,3.091600
unicode,0,110,2,3.232900
unicode,0,111,2,3.109300
unicode,0,112,2,3.101800
unicode,0,113,2,3.128900
unicode,0,114,2,3.138000
unicode,0,115,2,3.153800
unicode,0,116,2,3.108000
unicode,0,117,2,3.150200
unicode,0,118,2,3.102400
unicode,0,119,2,3.267200
unicode,0,120,2,3.589400
unicode,0,121,2,3.159300
unicode,0,122,2,3.101100
unicode,0,123,2,3.094100
unicode,0,124,2,3.185800
unicode,0,125,2,1.556200
unicode,1,0,1,0.044700
unicode,1,1,1,2.540200
unicode,1,2,1,3.115900
unicode,1,3,1,3.082600
unicode,1,4,1,3.081500
unicode,1,5,1,3.107400
unicode,1,6,1,3.127800
unicode,1,7,1,3.082200
unicode,1,8,1,3.079500
unicode,1,9,1,3.075800
unicode,1,10,1,4.010500
unicode,1,11,1,3.136600
unicode,1,12,1,3.088900
unicode,1,13,1,3.124600
unicode,1,14,1,3.086300
unicode,1,15,1,3.122800
unicode,1,16,1,3.087100
unicode,1,17,1,3.065100
unicode,1,18,1,3.085000
unicode,1,19,1,3.084200
unicode,1,20,1,3.136300
unicode,1,21,1,3.086500
unicode,1,22,1,3.141400
unicode,1,23,1,3.094300
unicode,1,24,1,3.134200
unicode,1,25,1,3.114800
unicode,1,26,1,3.141000
unicode,1,27,1,3.095000
unicode,1,28,1,3.099700
unicode,1,29,1,3.095300
unicode,1,30,1,3.761400
unicode,1,31,1,3.068200
unicode,1,32,1,3.134700
unicode,1,33,1,3.083300
unicode,1,34,1,3.078700
unicode,1,35,1,3.118500
unicode,1,36,1,3.070200
unicode,1,37,1,3.138200
unicode,1,38,1,3.084700
unicode,1,39,1,3.124500
unicode,1,40,1,3.104000
unicode,1,41,1,3.103200
unicode,1,42,1,3.092500
unicode,1,43,1,3.094000
unicode,1,44,1,3.088200
unicode,1,45,1,3.096100
unicode,1,46,1,3.076500
unicode,1,47,1,3.087300
unicode,1,48,1,3.134700
unicode,1,49,1,3.097800
unicode,1,50,1,3.885100
unicode,1,51,1,3.098400
unicode,1,52,1,3.139600
unicode,1,53,1,3.091900
unicode,1,54,1,3.098700
unicode,1,55,1,3.080800
unicode,1,56,1,3.088900
unicode,1,57,1,3.095800
unicode,1,58,1,3.144600
unicode,1,59,1,3.113600
unicode,1,60,1,3.126800
unicode,1,61,1,3.110900
unicode,1,62,1,1.571000
unicode,1,63,2,0.042100
unicode,1,64,2,2.520100
unicode,1,65,2,3.132200
unicode,1,66,2,3.107100
unicode,1,67,2,3.091000
unicode,1,68,2,3.067600
unicode,1,69,2,3.173000
unicode,1,70,2,3.118600
unicode,1,71,2,3.135300
unicode,1,72,2,3.118600
unicode,1,73,2,3.092900
unicode,1,74,2,3.167900
unicode,1,75,2,3.118100
unicode,1,76,2,3.163500
unicode,1,77,2,3.108300
unicode,1,78,2,3.105400
unicode,1,79,2,3.105700
unicode,1,80,2,3.162700
unicode,1,81,2,3.167500
unicode,1,82,2,3.170900
unicode,1,83,2,3.110700
unicode,1,84,2,3.109300
unicode,1,85,2,3.159800
unicode,1,86,2,3.730300
unicode,1,87,2,3.227500
unicode,1,88,2,3.099900
unicode,1,89,2,3.097300
unicode,1,90,2,3.096600
unicode,1,91,2,3.238800
unicode,1,92,2,3.097600
unicode,1,93,2,3.154700
unicode,1,94,2,3.091100
unicode,1,95,2,3.127900
unicode,1,96,2,3.347800
unicode,1,97,2,3.101300
unicode,1,98,2,3.132700
unicode,1,99,2,3.115800
unicode,1,100,2,3.101600
unicode,1,101,2,3.159900
unicode,1,102,2,3.155800
unicode,1,103,2,3.111600
unicode,1,104,2,3.314400
unicode,1,105,2,3.099300
unicode,1,106,2,3.744400
unicode,1,107,2,3.153800
unicode,1,108,2,3.146200
unicode,1,109,2,3.103700
unicode,1,110,2,3.112800
unicode,1,111,2,3.876500
unicode,1,112,2,3.105800
unicode,1,113,2,3.141400
unicode,1,114,2,3.095600
unicode,1,115,2,3.160500
unicode,1,116,2,3.103800
unicode,1,117,2,3.169500
unicode,1,118,2,3.097200
unicode,1,119,2,3.158800
unicode,1,120,2,3.224800
unicode,1,121,2,3.159900
unicode,1,122,2,3.101100
unicode,1,123,2,3.090400
unicode,1,124,2,3.123400
unicode,1,125,2,1.551000
unicode,2,0,1,0.044200
unicode,2,1,1,2.616000
unicode,2,2,1,3.100800
unicode,2,3,1,3.077300
unicode,2,4,1,3.083500
unicode,2,5,1,3.082400
unicode,2,6,1,3.129900
unicode,2,7,1,3.137900
unicode,2,8,1,3.083300
unicode,2,9,1,3.128500
unicode,2,10,1,3.086100
unicode,2,11,1,3.201500
unicode,2,12,1,3.082800
unicode,2,13,1,3.078200
unicode,2,14,1,3.070200
unicode,2,15,1,3.084300
unicode,2,16,1,3.150500
unicode,2,17,1,3.153000
unicode,2,18,1,3.094700
unicode,2,19,1,3.104600
unicode,2,20,1,3.093800
unicode,2,21,1,3.151400
unicode,2,22,1,3.137200
unicode,2,23,1,3.089500
unicode,2,24,1,3.127800
unicode,2,25,1,3.087900
unicode,2,26,1,3.126300
unicode,2,27,1,3.082700
unicode,2,28,1,3.142300
unicode,2,29,1,3.073200
unicode,2,30,1,3.147000
unicode,2,31,1,3.157800
unicode,2,32,1,3.076800
unicode,2,33,1,3.148700
unicode,2,34,1,3.094900
unicode,2,35,1,3.079900
unicode,2,36,1,3.201900
unicode,2,37,1,3.149900
unicode,2,38,1,3.094100
unicode,2,39,1,3.142400
unicode,2,40,1,3.094200
unicode,2,41,1,3.922700
unicode,2,42,1,3.173300
unicode,2,43,1,3.180900
unicode,2,44,1,3.104200
unicode,2,45,1,3.099900
unicode,2,46,1,3.135300
unicode,2,47,1,3.108300
unicode,2,48,1,3.165100
unicode,2,49,1,3.113600
unicode,2,50,1,3.153300
unicode,2,51,1,3.148300
unicode,2,52,1,3.112300
unicode,2,53,1,3.110200
unicode,2,54,1,3.159900
unicode,2,55,1,3.115900
unicode,2,56,1,3.224900
unicode,2,57,1,3.112500
unicode,2,58,1,3.117900
unicode,2,59,1,3.169600
unicode,2,60,1,3.119800
unicode,2,61,1,3.212200
unicode,2,62,1,1.567100
unicode,2,63,2,0.041100
unicode,2,64,2,2.544100
unicode,2,65,2,3.119200
unicode,2,66,2,3.123900
unicode,2,67,2,3.148800
unicode,2,68,2,3.123100
unicode,2,69,2,3.126600
unicode,2,70,2,3.191500
unicode,2,71,2,3.133600
unicode,2,72,2,3.234400
unicode,2,73,2,3.119200
unicode,2,74,2,3.188800
unicode,2,75,2,3.121600
unicode,2,76,2,3.127800
unicode,2,77,2,3.144600
unicode,2,78,2,3.123400
unicode,2,79,2,3.122500
unicode,2,80,2,3.173600
unicode,2,81,2,3.146200
unicode,2,82,2,3.596300
unicode,2,83,2,3.206900
unicode,2,84,2,3.112100
unicode,2,85,2,3.161500
unicode,2,86,2,3.102000
unicode,2,87,2,3.189900
unicode,2,88,2,3.112500
unicode,2,89,2,3.103900
unicode,2,90,2,3.102800
unicode,2,91,2,3.165400
unicode,2,92,2,3.174700
unicode,2,93,2,3.137300
unicode,2,94,2,3.113400
unicode,2,95,2,3.106500
unicode,2,96,2,3.159000
unicode,2,97,2,3.138200
unicode,2,98,2,3.106600
unicode,2,99,2,3.103600
unicode,2,100,2,3.090200
unicode,2,101,2,3.106000
unicode,2,102,2,3.199600
unicode,2,103,2,3.091600
unicode,2,104,2,3.152300
unicode,2,105,2,3.103300
unicode,2,106,2,3.109500
unicode,2,107,2,4.017100
unicode,2,108,2,3.103400
unicode,2,109,2,3.149100
unicode,2,110,2,3.101100
unicode,2,111,2,3.152400
unicode,2,112,2,3.118700
unicode,2,113,2,3.092400
unicode,2,114,2,3.097300
unicode,2,115,2,3.099900
unicode,2,116,2,3.096600
unicode,2,117,2,3.176100
unicode,2,118,2,3.084500
unicode,2,119,2,3.132600
unicode,2,120,2,3.100200
unicode,2,121,2,3.095600
unicode,2,122,2,3.154000
unicode,2,123,2,3.089600
unicode,2,124,2,3.099900
unicode,2,125,2,1.556300
unicode,3,0,1,0.043900
unicode,3,1,1,2.542500
unicode,3,2,1,3.101300
unicode,3,3,1,3.081100
unicode,3,4,1,3.077800
unicode,3,5,1,3.079800
unicode,3,6,1,3.068300
unicode,3,7,1,3.375200
unicode,3,8,1,3.216400
unicode,3,9,1,3.123500
unicode,3,10,1,3.090300
unicode,3,11,1,3.083400
unicode,3,12,1,3.573600
unicode,3,13,1,3.345900
unicode,3,14,1,3.084600
unicode,3,15,1,3.140800
unicode,3,16,1,3.093600
unicode,3,17,1,3.626400
unicode,3,18,1,3.191100
unicode,3,19,1,3.079400
unicode,3,20,1,3.139700
unicode,3,21,1,3.250000
unicode,3,22,1,3.662600
unicode,3,23,1,3.092800
unicode,3,24,1,3.095100
unicode,3,25,1,3.081500
unicode,3,26,1,3.084600
unicode,3,27,1,3.181700
unicode,3,28,1,3.132600
unicode,3,29,1,3.098300
unicode,3,30,1,3.122000
unicode,3,31,1,3.121900
unicode,3,32,1,3.121600
unicode,3,33,1,3.137100
unicode,3,34,1,3.068900
unicode,3,35,1,3.125400
unicode,3,36,1,3.082400
unicode,3,37,1,3.154100
unicode,3,38,1,3.084000
unicode,3,39,1,3.068600
unicode,3,40,1,3.066700
unicode,3,41,1,3.074300
unicode,3,42,1,3.168200
unicode,3,43,1,3.186100
unicode,3,44,1,3.128100
unicode,3,45,1,3.079900
unicode,3,46,1,3.127700
unicode,3,47,1,3.118000
unicode,3,48,1,3.144200
unicode,3,49,1,3.096300
unicode,3,50,1,3.100200
unicode,3,51,1,3.075000
unicode,3,52,1,3.146400
unicode,3,53,1,3.090300
unicode,3,54,1,3.123700
unicode,3,55,1,3.065300
unicode,3,56,1,3.049400
unicode,3,57,1,3.185100
unicode,3,58,1,3.075600
unicode,3,59,1,3.137400
unicode,3,60,1,3.069800
unicode,3,61,1,3.092600
unicode,3,62,1,1.549900
unicode,3,63,2,0.041100
unicode,3,64,2,2.573000
unicode,3,65,2,3.121500
unicode,3,66,2,3.129000
unicode,3,67,2,3.104300
unicode,3,68,2,3.097200
unicode,3,69,2,3.130300
unicode,3,70,2,3.162800
unicode,3,71,2,3.110100
unicode,3,72,2,3.140700
unicode,3,73,2,3.096200
unicode,3,74,2,3.176800
unicode,3,75,2,3.099600
unicode,3,76,2,3.173500
unicode,3,77,2,3.110400
unicode,3,78,2,3.161200
unicode,3,79,2,4.193200
unicode,3,80,2,3.103300
unicode,3,81,2,3.154800
unicode,3,82,2,3.096300
unicode,3,83,2,3.196500
unicode,3,84,2,3.099400
unicode,3,85,2,3.105700
unicode,3,86,2,3.187600
unicode,3,87,2,3.358200
unicode,3,88,2,3.207400
unicode,3,89,2,3.140000
unicode,3,90,2,3.101200
unicode,3,91,2,3.156000
unicode,3,92,2,3.108900
unicode,3,93,2,3.171100
unicode,3,94,2,3.151600
unicode,3,95,2,3.099300
unicode,3,96,2,3.107900
unicode,3,97,2,3.091600
unicode,3,98,2,3.252300
unicode,3,99,2,3.121100
unicode,3,100,2,3.162000
unicode,3,101,2,3.089900
unicode,3,102,2,3.161000
unicode,3,103,2,3.138600
unicode,3,104,2,3.102000
unicode,3,105,2,3.106000
unicode,3,106,2,3.103500
unicode,3,107,2,3.211100
unicode,3,108,2,3.278400
unicode,3,109,2,3.155600
unicode,3,110,2,3.094300
unicode,3,111,2,3.105600
unicode,3,112,2,3.105800
unicode,3,113,2,3.188100
unicode,3,114,2,3.093200
unicode,3,115,2,3.156400
unicode,3,116,2,3.113000
unicode,3,117,2,3.156400
unicode,3,118,2,3.140500
unicode,3,119,2,3.104000
unicode,3,120,2,3.134200
unicode,3,121,2,3.127400
unicode,3,122,2,3.106000
unicode,3,123,2,3.150900
unicode,3,124,2,3.178300
unicode,3,125,2,1.562100
unicode,4,0,1,0.048500
unicode,4,1,1,2.546600
unicode,4,2,1,3.082500
unicode,4,3,1,3.141900
unicode,4,4,1,3.209300
unicode,4,5,1,3.141300
unicode,4,6,1,3.096300
unicode,4,7,1,3.142500
unicode,4,8,1,3.088900
unicode,4,9,1,3.905800
unicode,4,10,1,3.097600
unicode,4,11,1,3.074500
unicode,4,12,1,3.090700
unicode,4,13,1,3.083100
unicode,4,14,1,3.199800
unicode,4,15,1,3.091500
unicode,4,16,1,3.143200
unicode,4,17,1,3.073300
unicode,4,18,1,3.196200
unicode,4,19,1,3.140400
unicode,4,20,1,3.121500
unicode,4,21,1,3.084400
unicode,4,22,1,3.088200
unicode,4,23,1,3.315400
unicode,4,24,1,3.187800
unicode,4,25,1,3.090000
unicode,4,26,1,3.132200
unicode,4,27,1,3.089000
unicode,4,28,1,3.093100
unicode,4,29,1,3.180600
unicode,4,30,1,3.090200
unicode,4,31,1,3.133300
unicode,4,32,1,3.089100
unicode,4,33,1,3.088700
unicode,4,34,1,3.152100
unicode,4,35,1,3.140000
unicode,4,36,1,3.084900
unicode,4,37,1,3.084200
unicode,4,38,1,3.087700
unicode,4,39,1,3.211000
unicode,4,40,1,3.082600
unicode,4,41,1,3.086400
unicode,4,42,1,3.069100
unicode,4,43,1,3.084100
unicode,4,44,1,3.253900
unicode,4,45,1,3.086800
unicode,4,46,1,3.133400
unicode,4,47,1,3.085100
unicode,4,48,1,3.089600
unicode,4,49,1,3.143400
unicode,4,50,1,3.139400
unicode,4,51,1,3.090400
unicode,4,52,1,3.273300
unicode,4,53,1,3.088100
unicode,4,54,1,3.200700
unicode,4,55,1,3.137900
unicode,4,56,1,3.085000
unicode,4,57,1,3.123600
unicode,4,58,1,3.087500
unicode,4,59,1,3.906500
unicode,4,60,1,3.111700
unicode,4,61,1,3.095800
unicode,4,62,1,1.553800
unicode,4,63,2,0.041400
unicode,4,64,2,2.582700
unicode,4,65,2,3.113400
unicode,4,66,2,3.101600
unicode,4,67,2,3.102800
unicode,4,68,2,3.100300
unicode,4,69,2,3.138100
unicode,4,70,2,3.536100
unicode,4,71,2,3.231600
unicode,4,72,2,3.161300
unicode,4,73,2,3.111400
unicode,4,74,2,3.108200
unicode,4,75,2,3.221500
unicode,4,76,2,3.109300
unicode,4,77,2,3.103500
unicode,4,78,2,3.097400
unicode,4,79,2,3.101600
unicode,4,80,2,3.130500
unicode,4,81,2,3.175600
unicode,4,82,2,3.096800
unicode,4,83,2,3.151400
unicode,4,84,2,3.095200
unicode,4,85,2,3.188800
unicode,4,86,2,3.092700
unicode,4,87,2,3.155000
unicode,4,88,2,3.102100
unicode,4,89,2,3.139600
unicode,4,90,2,3.172300
unicode,4,91,2,3.097900
unicode,4,92,2,3.152200
unicode,4,93,2,3.102600
unicode,4,94,2,3.136500
unicode,4,95,2,3.133400
unicode,4,96,2,3.100800
unicode,4,97,2,3.097700
unicode,4,98,2,3.156300
unicode,4,99,2,3.095100
unicode,4,100,2,3.239700
unicode,4,101,2,3.099600
unicode,4,102,2,3.157300
unicode,4,103,2,3.122900
unicode,4,104,2,3.136500
unicode,4,105,2,3.229200
unicode,4,106,2,3.102900
unicode,4,107,2,3.235800
unicode,4,108,2,3.105400
unicode,4,109,2,3.133800
unicode,4,110,2,3.197200
unicode,4,111,2,3.100300
unicode,4,112,2,3.100500
unicode,4,113,2,3.147400
unicode,4,114,2,3.091400
unicode,4,115,2,3.194500
unicode,4,116,2,3.101500
unicode,4,117,2,3.103000
unicode,4,118,2,3.149100
unicode,4,119,2,3.103300
unicode,4,120,2,3.206900
unicode,4,121,2,3.111500
unicode,4,122,2,3.106700
unicode,4,123,2,3.098500
unicode,4,124,2,3.154900
unicode,4,125,2,1.591700
controls,0,0,1,0.041300
controls,0,1,1,3.480200
controls,0,2,1,3.890400
controls,0,3,1,3.950800
controls,0,4,1,3.900400
controls,0,5,1,4.025500
controls,0,6,1,3.891000
controls,0,7,1,3.868100
controls,0,8,1,3.901600
controls,0,9,1,3.953400
controls,0,10,1,3.980900
controls,0,11,1,3.884300
controls,0,12,1,3.992500
controls,0,13,1,3.984300
controls,0,14,1,3.989000
controls,0,15,1,3.880700
controls,0,16,1,4.011300
controls,0,17,1,3.969200
controls,0,18,1,3.989300
controls,0,19,1,3.874300
controls,0,20,1,3.990500
controls,0,21,1,3.947300
controls,0,22,1,4.007200
controls,0,23,1,3.887300
controls,0,24,1,3.849800
controls,0,25,1,3.986600
controls,0,26,1,3.876000
controls,0,27,1,3.888000
controls,0,28,1,3.884500
controls,0,29,1,4.101200
controls,0,30,1,3.872500
controls,0,31,1,4.021700
controls,0,32,1,3.883300
controls,0,33,1,4.140700
controls,0,34,1,3.877400
controls,0,35,1,4.031100
controls,0,36,1,3.877700
controls,0,37,1,4.111300
controls,0,38,1,3.901000
controls,0,39,1,4.017300
controls,0,40,1,3.887700
controls,0,41,1,4.809700
controls,0,42,1,4.010700
controls,0,43,1,3.882300
controls,0,44,1,3.867900
controls,0,45,1,3.906800
controls,0,46,1,3.851800
controls,0,47,1,3.873400
controls,0,48,1,4.018000
controls,0,49,1,3.898300
controls,0,50,1,4.017000
controls,0,51,1,3.874100
controls,0,52,1,3.986700
controls,0,53,1,3.939900
controls,0,54,1,3.978400
controls,0,55,1,3.862000
controls,0,56,1,3.993000
controls,0,57,1,4.546500
controls,0,58,1,3.877200
controls,0,59,1,3.880200
controls,0,60,1,3.971000
controls,0,61,1,3.885800
controls,0,62,1,1.931100
controls,0,63,2,0.033800
controls,0,64,2,3.152600
controls,0,65,2,3.970800
controls,0,66,2,3.910800
controls,0,67,2,3.978300
controls,0,68,2,3.901100
controls,0,69,2,3.984200
controls,0,70,2,3.986600
controls,0,71,2,3.946600
controls,0,72,2,3.973700
controls,0,73,2,3.886700
controls,0,74,2,4.547100
controls,0,75,2,3.896400
controls,0,76,2,3.882100
controls,0,77,2,3.890200
controls,0,78,2,3.941900
controls,0,79,2,3.874400
controls,0,80,2,3.997800
controls,0,81,2,3.879000
controls,0,82,2,4.454900
controls,0,83,2,3.896900
controls,0,84,2,3.937900
controls,0,85,2,3.890500
controls,0,86,2,4.108600
controls,0,87,2,3.911600
controls,0,88,2,3.973800
controls,0,89,2,3.983400
controls,0,90,2,3.912200
controls,0,91,2,3.883900
controls,0,92,2,3.939500
controls,0,93,2,3.892600
controls,0,94,2,3.956200
controls,0,95,2,4.009600
controls,0,96,2,3.897700
controls,0,97,2,3.969200
controls,0,98,2,3.940700
controls,0,99,2,3.987100
controls,0,100,2,3.892300
controls,0,101,2,4.133500
controls,0,102,2,4.184500
controls,0,103,2,3.983500
controls,0,104,2,3.909200
controls,0,105,2,3.997400
controls,0,106,2,3.878900
controls,0,107,2,4.014300
controls,0,108,2,4.001100
controls,0,109,2,4.580100
controls,0,110,2,4.378900
controls,0,111,2,3.895800
controls,0,112,2,3.897300
controls,0,113,2,3.897000
controls,0,114,2,4.010700
controls,0,115,2,3.902100
controls,0,116,2,4.021000
controls,0,117,2,3.922400
controls,0,118,2,3.998900
controls,0,119,2,3.904500
controls,0,120,2,4.000100
controls,0,121,2,3.933500
controls,0,122,2,3.915300
controls,0,123,2,3.953900
controls,0,124,2,3.903900
controls,0,125,2,2.323700
controls,1,0,1,0.049800
controls,1,1,1,3.325300
controls,1,2,1,3.880200
controls,1,3,1,4.014600
controls,1,4,1,3.964500
controls,1,5,1,3.962100
controls,1,6,1,3.983400
controls,1,7,1,3.904300
controls,1,8,1,4.057100
controls,1,9,1,3.876300
controls,1,10,1,3.993300
controls,1,11,1,3.877200
controls,1,12,1,3.920700
controls,1,13,1,3.882500
controls,1,14,1,3.863400
controls,1,15,1,3.875600
controls,1,16,1,4.027600
controls,1,17,1,3.838200
controls,1,18,1,4.034100
controls,1,19,1,3.903500
controls,1,20,1,4.019300
controls,1,21,1,3.922200
controls,1,22,1,3.976400
controls,1,23,1,4.000400
controls,1,24,1,4.662300
controls,1,25,1,4.008300
controls,1,26,1,3.907600
controls,1,27,1,3.997700
controls,1,28,1,3.945800
controls,1,29,1,3.877800
controls,1,30,1,3.880700
controls,1,31,1,3.868100
controls,1,32,1,3.915500
controls,1,33,1,4.023300
controls,1,34,1,3.866700
controls,1,35,1,4.009100
controls,1,36,1,3.900900
controls,1,37,1,3.989700
controls,1,38,1,3.929900
controls,1,39,1,3.948400
controls,1,40,1,4.059900
controls,1,41,1,3.900000
controls,1,42,1,3.998900
controls,1,43,1,3.872000
controls,1,44,1,4.026000
controls,1,45,1,3.886400
controls,1,46,1,3.994800
controls,1,47,1,3.888300
controls,1,48,1,3.936600
controls,1,49,1,3.875500
controls,1,50,1,3.893000
controls,1,51,1,3.888100
controls,1,52,1,4.096200
controls,1,53,1,3.879400
controls,1,54,1,3.995100
controls,1,55,1,3.908700
controls,1,56,1,4.061200
controls,1,57,1,4.013300
controls,1,58,1,3.892800
controls,1,59,1,4.026400
controls,1,60,1,3.905500
controls,1,61,1,3.953300
controls,1,62,1,2.067600
controls,1,63,2,0.034000
controls,1,64,2,3.171100
controls,1,65,2,3.911700
controls,1,66,2,3.884900
controls,1,67,2,3.889900
controls,1,68,2,3.989000
controls,1,69,2,3.914900
controls,1,70,2,3.962700
controls,1,71,2,3.888900
controls,1,72,2,3.952800
controls,1,73,2,3.911500
controls,1,74,2,3.963500
controls,1,75,2,3.893000
controls,1,76,2,3.966600
controls,1,77,2,3.923000
controls,1,78,2,3.970500
controls,1,79,2,3.894300
controls,1,80,2,3.894500
controls,1,81,2,3.960200
controls,1,82,2,3.879500
controls,1,83,2,3.881700
controls,1,84,2,3.892800
controls,1,85,2,4.028000
controls,1,86,2,3.858100
controls,1,87,2,3.952400
controls,1,88,2,3.893600
controls,1,89,2,4.020800
controls,1,90,2,3.893200
controls,1,91,2,3.972300
controls,1,92,2,3.885700
controls,1,93,2,4.421900
controls,1,94,2,3.906900
controls,1,95,2,3.982400
controls,1,96,2,3.894400
controls,1,97,2,4.014300
controls,1,98,2,3.896800
controls,1,99,2,3.956400
controls,1,100,2,3.887200
controls,1,101,2,3.929900
controls,1,102,2,3.974900
controls,1,103,2,3.898700
controls,1,104,2,3.964900
controls,1,105,2,4.653600
controls,1,106,2,3.995300
controls,1,107,2,4.028900
controls,1,108,2,4.021400
controls,1,109,2,3.933200
controls,1,110,2,4.021100
controls,1,111,2,3.891300
controls,1,112,2,4.021000
controls,1,113,2,3.969800
controls,1,114,2,3.867400
controls,1,115,2,3.899500
controls,1,116,2,3.900100
controls,1,117,2,4.012700
controls,1,118,2,3.908800
controls,1,119,2,4.037200
controls,1,120,2,3.947100
controls,1,121,2,4.054400
controls,1,122,2,3.900600
controls,1,123,2,4.028300
controls,1,124,2,3.899500
controls,1,125,2,2.002900
controls,2,0,1,0.036800
controls,2,1,1,3.215000
controls,2,2,1,3.995100
controls,2,3,1,3.954600
controls,2,4,1,4.197700
controls,2,5,1,3.844700
controls,2,6,1,3.945200
controls,2,7,1,3.890800
controls,2,8,1,4.014100
controls,2,9,1,3.829600
controls,2,10,1,3.902600
controls,2,11,1,3.875700
controls,2,12,1,4.038200
controls,2,13,1,3.877800
controls,2,14,1,3.884600
controls,2,15,1,3.885500
controls,2,16,1,3.890100
controls,2,17,1,3.859300
controls,2,18,1,3.886600
controls,2,19,1,4.014600
controls,2,20,1,3.961400
controls,2,21,1,4.028600
controls,2,22,1,3.880600
controls,2,23,1,3.951800
controls,2,24,1,3.909400
controls,2,25,1,3.950500
controls,2,26,1,3.876200
controls,2,27,1,3.956200
controls,2,28,1,3.909300
controls,2,29,1,3.943700
controls,2,30,1,3.861500
controls,2,31,1,3.863700
controls,2,32,1,3.898600
controls,2,33,1,3.880000
controls,2,34,1,3.873500
controls,2,35,1,3.875900
controls,2,36,1,3.961700
controls,2,37,1,3.879700
controls,2,38,1,4.002800
controls,2,39,1,3.877100
controls,2,40,1,3.999500
controls,2,41,1,3.883200
controls,2,42,1,3.928200
controls,2,43,1,3.888000
controls,2,44,1,4.026800
controls,2,45,1,3.886000
controls,2,46,1,3.973000
controls,2,47,1,3.872400
controls,2,48,1,3.990900
controls,2,49,1,3.892300
controls,2,50,1,3.885100
controls,2,51,1,3.884100
controls,2,52,1,3.920900
controls,2,53,1,3.987500
controls,2,54,1,3.911500
controls,2,55,1,3.993900
controls,2,56,1,3.887900
controls,2,57,1,3.950100
controls,2,58,1,3.867100
controls,2,59,1,3.931500
controls,2,60,1,4.349800
controls,2,61,1,3.975200
controls,2,62,1,1.949600
controls,2,63,2,0.033500
controls,2,64,2,3.217900
controls,2,65,2,3.943000
controls,2,66,2,3.894800
controls,2,67,2,3.890800
controls,2,68,2,3.890400
controls,2,69,2,3.978100
controls,2,70,2,4.021300
controls,2,71,2,3.864900
controls,2,72,2,4.130500
controls,2,73,2,3.943500
controls,2,74,2,4.020100
controls,2,75,2,3.901500
controls,2,76,2,4.008600
controls,2,77,2,3.922500
controls,2,78,2,3.992400
controls,2,79,2,3.902200
controls,2,80,2,3.885900
controls,2,81,2,3.929400
controls,2,82,2,3.870600
controls,2,83,2,3.874700
controls,2,84,2,3.882000
controls,2,85,2,4.119100
controls,2,86,2,3.878900
controls,2,87,2,4.011100
controls,2,88,2,3.886200
controls,2,89,2,4.054900
controls,2,90,2,3.897300
controls,2,91,2,4.015700
controls,2,92,2,3.894000
controls,2,93,2,4.101400
controls,2,94,2,3.884600
controls,2,95,2,4.007700
controls,2,96,2,3.885200
controls,2,97,2,3.952300
controls,2,98,2,3.877200
controls,2,99,2,3.873800
controls,2,100,2,4.025700
controls,2,101,2,3.982800
controls,2,102,2,4.036700
controls,2,103,2,3.887000
controls,2,104,2,4.017800
controls,2,105,2,4.316500
controls,2,106,2,4.003400
controls,2,107,2,4.031900
controls,2,108,2,3.966300
controls,2,109,2,4.461100
controls,2,110,2,4.021500
controls,2,111,2,3.889400
controls,2,112,2,3.968000
controls,2,113,2,3.918000
controls,2,114,2,3.876900
controls,2,115,2,3.883900
controls,2,116,2,3.891600
controls,2,117,2,5.364300
controls,2,118,2,3.887100
controls,2,119,2,4.004100
controls,2,120,2,3.968400
controls,2,121,2,3.998900
controls,2,122,2,3.893200
controls,2,123,2,3.954800
controls,2,124,2,3.905500
controls,2,125,2,2.021300
controls,3,0,1,0.036700
controls,3,1,1,3.212500
controls,3,2,1,3.947600
controls,3,3,1,3.899000
controls,3,4,1,3.999200
controls,3,5,1,3.900100
controls,3,6,1,3.917000
controls,3,7,1,3.875800
controls,3,8,1,3.964700
controls,3,9,1,3.884700
controls,3,10,1,4.041700
controls,3,11,1,3.870700
controls,3,12,1,3.907900
controls,3,13,1,3.870300
controls,3,14,1,4.018600
controls,3,15,1,3.906400
controls,3,16,1,4.025200
controls,3,17,1,3.994700
controls,3,18,1,3.886100
controls,3,19,1,3.971700
controls,3,20,1,3.918200
controls,3,21,1,3.962300
controls,3,22,1,3.895300
controls,3,23,1,3.949300
controls,3,24,1,4.229200
controls,3,25,1,3.958800
controls,3,26,1,3.895500
controls,3,27,1,3.933500
controls,3,28,1,3.913300
controls,3,29,1,3.894600
controls,3,30,1,3.881300
controls,3,31,1,4.075200
controls,3,32,1,3.928700
controls,3,33,1,3.971300
controls,3,34,1,3.938900
controls,3,35,1,3.927900
controls,3,36,1,4.023300
controls,3,37,1,3.871600
controls,3,38,1,3.935700
controls,3,39,1,3.914400
controls,3,40,1,3.978500
controls,3,41,1,3.846700
controls,3,42,1,3.955000
controls,3,43,1,3.944600
controls,3,44,1,3.925900
controls,3,45,1,3.895000
controls,3,46,1,3.883100
controls,3,47,1,3.899200
controls,3,48,1,3.885200
controls,3,49,1,3.944600
controls,3,50,1,3.955500
controls,3,51,1,4.031500
controls,3,52,1,3.869800
controls,3,53,1,3.950900
controls,3,54,1,3.906600
controls,3,55,1,3.988400
controls,3,56,1,3.892900
controls,3,57,1,3.960100
controls,3,58,1,3.881100
controls,3,59,1,4.450600
controls,3,60,1,3.981300
controls,3,61,1,3.853700
controls,3,62,1,1.941400
controls,3,63,2,0.033800
controls,3,64,2,3.147500
controls,3,65,2,3.969900
controls,3,66,2,3.987200
controls,3,67,2,3.892000
controls,3,68,2,4.038300
controls,3,69,2,4.582300
controls,3,70,2,4.069300
controls,3,71,2,3.925700
controls,3,72,2,3.936700
controls,3,73,2,3.934600
controls,3,74,2,3.967800
controls,3,75,2,3.875800
controls,3,76,2,3.962800
controls,3,77,2,3.910800
controls,3,78,2,3.882300
controls,3,79,2,3.876300
controls,3,80,2,3.870200
controls,3,81,2,4.062600
controls,3,82,2,3.900800
controls,3,83,2,3.990600
controls,3,84,2,3.929900
controls,3,85,2,4.021100
controls,3,86,2,3.888600
controls,3,87,2,3.961400
controls,3,88,2,3.905500
controls,3,89,2,3.957200
controls,3,90,2,3.884700
controls,3,91,2,3.977000
controls,3,92,2,3.907200
controls,3,93,2,3.873100
controls,3,94,2,3.886900
controls,3,95,2,3.879100
controls,3,96,2,4.018700
controls,3,97,2,3.925400
controls,3,98,2,4.038500
controls,3,99,2,3.891600
controls,3,100,2,3.994000
controls,3,101,2,3.876700
controls,3,102,2,3.948100
controls,3,103,2,3.891200
controls,3,104,2,4.066500
controls,3,105,2,3.875200
controls,3,106,2,3.973000
controls,3,107,2,4.013000
controls,3,108,2,4.049100
controls,3,109,2,3.872000
controls,3,110,2,4.004900
controls,3,111,2,3.877400
controls,3,112,2,3.942700
controls,3,113,2,3.858200
controls,3,114,2,3.904800
controls,3,115,2,4.048000
controls,3,116,2,3.982300
controls,3,117,2,4.006300
controls,3,118,2,3.878500
controls,3,119,2,3.983700
controls,3,120,2,4.715500
controls,3,121,2,4.016800
controls,3,122,2,3.852400
controls,3,123,2,3.999200
controls,3,124,2,3.940700
controls,3,125,2,2.055200
controls,4,0,1,0.036300
controls,4,1,1,3.216900
controls,4,2,1,3.977200
controls,4,3,1,4.125300
controls,4,4,1,3.957700
controls,4,5,1,3.876100
controls,4,6,1,3.881300
controls,4,7,1,3.954700
controls,4,8,1,3.928700
controls,4,9,1,3.878600
controls,4,10,1,4.022600
controls,4,11,1,3.981400
controls,4,12,1,3.882400
controls,4,13,1,3.912700
controls,4,14,1,3.865400
controls,4,15,1,4.003700
controls,4,16,1,3.874800
controls,4,17,1,3.955800
controls,4,18,1,3.874400
controls,4,19,1,4.027400
controls,4,20,1,3.874600
controls,4,21,1,3.956700
controls,4,22,1,3.873100
controls,4,23,1,3.926300
controls,4,24,1,3.878300
controls,4,25,1,3.890000
controls,4,26,1,3.862700
controls,4,27,1,4.153900
controls,4,28,1,3.894600
controls,4,29,1,3.888600
controls,4,30,1,3.983200
controls,4,31,1,3.927700
controls,4,32,1,3.961200
controls,4,33,1,3.882600
controls,4,34,1,3.976100
controls,4,35,1,3.951200
controls,4,36,1,4.005500
controls,4,37,1,3.885300
controls,4,38,1,3.952200
controls,4,39,1,3.922800
controls,4,40,1,3.978400
controls,4,41,1,3.874800
controls,4,42,1,3.855800
controls,4,43,1,3.972300
controls,4,44,1,3.883500
controls,4,45,1,3.882200
controls,4,46,1,3.896100
controls,4,47,1,4.026800
controls,4,48,1,3.921900
controls,4,49,1,3.949700
controls,4,50,1,3.883700
controls,4,51,1,4.005800
controls,4,52,1,3.885300
controls,4,53,1,3.956600
controls,4,54,1,3.893100
controls,4,55,1,4.135900
controls,4,56,1,3.897500
controls,4,57,1,3.892800
controls,4,58,1,3.889200
controls,4,59,1,3.924800
controls,4,60,1,3.929900
controls,4,61,1,4.055100
controls,4,62,1,1.948000
controls,4,63,2,0.033800
controls,4,64,2,3.300200
controls,4,65,2,3.910400
controls,4,66,2,4.007800
controls,4,67,2,3.892700
controls,4,68,2,4.055700
controls,4,69,2,3.973100
controls,4,70,2,4.019600
controls,4,71,2,3.886300
controls,4,72,2,4.069100
controls,4,73,2,3.873700
controls,4,74,2,3.892900
controls,4,75,2,3.879600
controls,4,76,2,3.987900
controls,4,77,2,4.026300
controls,4,78,2,3.886500
controls,4,79,2,4.037400
controls,4,80,2,3.925300
controls,4,81,2,4.015000
controls,4,82,2,3.897600
controls,4,83,2,4.015600
controls,4,84,2,3.958600
controls,4,85,2,4.008100
controls,4,86,2,3.890100
controls,4,87,2,4.015700
controls,4,88,2,3.916600
controls,4,89,2,3.891400
controls,4,90,2,3.893300
controls,4,91,2,3.907500
controls,4,92,2,4.473800
controls,4,93,2,4.000700
controls,4,94,2,4.092500
controls,4,95,2,3.869400
controls,4,96,2,4.087400
controls,4,97,2,3.909500
controls,4,98,2,3.994500
controls,4,99,2,3.895800
controls,4,100,2,4.061300
controls,4,101,2,3.905400
controls,4,102,2,4.014100
controls,4,103,2,3.894200
controls,4,104,2,3.948600
controls,4,105,2,3.903200
controls,4,106,2,3.886300
controls,4,107,2,4.003500
controls,4,108,2,3.877500
controls,4,109,2,3.867300
controls,4,110,2,3.860200
controls,4,111,2,4.010000
controls,4,112,2,3.905100
controls,4,113,2,4.028400
controls,4,114,2,3.867100
controls,4,115,2,3.988700
controls,4,116,2,3.956600
controls,4,117,2,3.975400
controls,4,118,2,3.882100
controls,4,119,2,3.980400
controls,4,120,2,3.954600
controls,4,121,2,3.967800
controls,4,122,2,3.853100
controls,4,123,2,3.897100
controls,4,124,2,5.289100
controls,4,125,2,1.939200
